Bouton_guichet;R1_Administrateur;R2_Superviseur;R3_Chefdegare;R4_Caisse;R5_ChefGuichet;R6_Vente;R7_Comptable;R8_Confirmateur;R9_Config_RH;R10_Vente_mobile;R11_Carte_voyage;R12_Bagagiste;R13_Caisse_globale;R14_Caisse_globale_allégé;R15_ChefGuichet_allégé;R16_Consultation_caisse;R17_Operateur_escal;R18_Adjoint_caisse
RETOUR GARE;X;X;X;X;X;X;X;X;X;X;X;X;X;X;X;X;X;X
RETOUR TICKET;;;;;X;X;;;;;;;;;;;;
VOIR BORDEREAU BAGAGES(HISTORIQUE);X;X;;;X;;;;;;;X;;;;;;
VOIR CAISSE;X;X;;X;X;;;;;;;;;;;X;;X
VOIR CAISSE PRINCIPALE;X;X;;;;;;;;;;;X;X;;;;
VOIR ETATS;X;X;;X;X;;;X;;;;;;;X;;;X
VOIR PROGRAMME;X;X;X;;X;;;X;X;;;;;;X;;;
VOIR REIMPRESSION;X;;;;;;;;;;;;;;;;X;
PROGRAMME DE BUS;X;;;;;;;;;;;;;;;;;
REPROGRAMMER AUTRE TICKET;X;X;;;;;;;;;;;;;;;;
REPROGRAMMER TICKET;X;X;;;X;X;;;;;;;;;X;;;
REPROGRAMMER TICKET GUICHET;;;;;X;;;;;;;;;;X;;;
LISTES;X;X;;;X;X;;X;;;;;;;X;;;
DEPARTS;X;X;;;X;;;X;;;;;;;X;;;
TARIFICATION;X;X;;;X;;;X;;;;;;;X;;;
STATUT_HEURE_GARE;X;X;;;X;;;X;;;;;;;X;;;
COMPTE;X;;;;;X;;;;X;;X;;;;;;
COMPTE ESCAL;;;;;;;;;;;;;;;;;X;
COMPTEBAGAGE;X;;;;;;;;;;;;;;;;;
AUTRES VENTE;X;X;;X;X;;;X;;;X;;;;X;;;X
BAGAGES AVEC TICKET NON FACTURER;X;X;;;;;;;;;;X;;;;;;
BROUILLARD(EXERCICE) TICKET;X;X;;;;;X;;;;;;;;;;;
BROUILLARD(EXERCICE)TICKET ESCAL;X;X;;;;;X;;;;;;;;;;;
CONFIRMER AUTRE TICKET;X;X;;;;;;;;;;;;;;;;
CONFIRMER BON;X;;;;X;X;;;;;;;;;X;;;
CONFIRMER CARTE;X;;;;X;X;;;;;;;;;X;;;
CONFIRMER TICKET;X;X;;;X;X;;X;;;;;;;X;;;
CONFIRMER TICKET GUICHET;;;;;X;;;;;;;;;;X;;;
ETAT GLOBAL TICKET GUICHETIER;X;X;;;;;;;;;;;X;X;;;;
ETAT GLOBAL TICKET GUICHETIER ESCAL;X;X;;;;;;;;;;;X;X;;;;
EXERCICE MENSUEL TICKET GUICHETIER;X;X;;;;;X;;;;;;;;;;;
EXERCICE MENSUEL TICKET GUICHETIER ESCAL;X;X;;;;;X;;;;;;;;;;;
FACTURATION BAGAGES AVEC TICKET;X;X;;;;;;;;;;X;;;;;;
MANIFEST TICKET;X;X;;;;;X;;;;;;;;;;;
MANIFEST TICKET ESCAL;X;X;;;;;X;;;;;;;;;;;
RECAP EX MENSUEL TICKET;X;X;;;;;X;;;;;;;;;;;
RECAP GLOBAL TICKET;X;X;;;;;;;;;;;X;X;;;;
RECAP GLOBAL TICKET ESCAL;X;X;;;;;;;;;;;X;X;;;;
RECETTE GLOBALE TICKET;X;X;;;;;;;;;;;X;X;;;;
RECETTE GLOBALE TICKET PAR GARE;X;X;;;;;;;;;;;X;X;;;;
RECETTE PAR OPERATEUR TICKET;X;X;;;;;;;;;;;;;;;;
RESERVATION;X;X;;;X;;;X;;;;;;;X;;;
TICKET;;;;;;X;;;;;;;;;;;;
TICKET CONFIRMER;;;;;X;;;;;;;;;;X;;;
TICKET CONFIRMER DU JOUR;X;;;;;;;;;;;;;;;;;
VALIDER RESERVATION;X;X;;;X;X;;;;;;;;;X;;;
VENTE GUICHET;X;X;;;;;;;;;;;;;;;;
VENTE MOBILE;X;;;;;;;;;X;;;;;;;;
VENTE MOBILE ESCAL;;;;;;;;;;;;;;;;;X;
VENTE TICKET;;;;;;X;;;;;;;;;;;;
VERSEMENT TICKET GUICHETIER;X;X;;;;;;;;;;;X;X;;;;
AUTRES FACTURATION BAGAGES;X;;;;;;;;;;;X;;;;;;
BAGAGE;;;;;;X;;;;X;;;;;;;;
BAGAGE ESCAL;X;;;;;;;;;;;;;;;;X;
BAGAGES DECLARER;X;X;;;;;X;;;;;;;;;;;
BAGAGES ESCAL DECLARER;X;X;;;;;X;;;;;;;;;;;
BORDEREAU SUIVI BAGAGES;X;X;;;;;;;;;;X;;;;;;
BROUILLARD(EXERCICE) BAGAGE;X;X;;;;;X;;;;;;;;;;;
BROUILLARD(EXERCICE) BAGAGEESCAL;X;X;;;;;X;;;;;;;;;;;
DECLARATION BAGAGES;X;X;;;;;X;;;;;;;;;;;
DECLARATION BAGAGES ESCAL;X;X;;;;;X;;;;;;;;;;;
ETAT GLOBAL BAGAGE OPERATEUR;X;X;;;;;;;;;;;X;X;;;;
ETAT GLOBAL BAGAGEESCAL OPERATEUR;X;X;;;;;;;;;;;X;X;;;;
EXERCICE MENSUEL BAGAGE OPERATEUR;X;X;;;;;X;;;;;;;;;;;
EXERCICE MENSUEL BAGAGEESCAL OPERATEUR;X;X;;;;;X;;;;;;;;;;;
FACTURATION BAGAGES ENVOI;X;X;;;;;;;;;;X;;;;;;
MANIFEST BAGAGE;X;X;;;;;X;;;;;;;;;;;
MANIFEST BAGAGEESCAL;X;X;;;;;X;;;;;;;;;;;
MODIFICATION VERSEMENT BAGAGE;X;X;;;;;;;;;;;;;;;;
RECAP EX MENSUEL BAGAGE;X;X;;;;;X;;;;;;;;;;;
RECAP EX MENSUEL BAGAGEESCAL;X;X;;;;;X;;;;;;;;;;;
RECAP GLOBAL BAGAGE;X;X;;;;;;;;;;;X;X;;;;
RECAP GLOBAL BAGAGE ESCAL;X;X;;;;;;;;;;;X;X;;;;
VERSEMENT BAGAGES;X;X;;;;;;;;;;;X;X;;;;
ARCHIVER DONNEES COURRIER;X;X;;;;;;;;;;;;;;;;
BROUILLARD(EXERCICE) COURRIER;X;X;;;;;X;;;;;;;;;;;
BROUILLARD(EXERCICE) COURRIERESCAL;X;X;;;;;X;;;;;;;;;;;
COURRIERS DECLARER;X;X;;;;;X;;;;;;;;;;;
COURRIERSESCAL DECLARER;X;X;;;;;X;;;;;;;;;;;
DECLARATION;X;X;;;;;X;;;;;;;;;;;
DECLARATION COURRIERS;X;X;;;;;X;;;;;;;;;;;
DECLARATION COURRIERSESCAL;X;X;;;;;X;;;;;;;;;;;
DECLARATION ESCAL;X;X;;;;;X;;;;;;;;;;;
DECLARER;X;X;;;;;X;;;;;;;;;;;
DECLARER ESCAL;X;X;;;;;X;;;;;;;;;;;
ETAT GLOBAL COURRIER GUICHETIER;X;X;;;;;;;;;;;X;X;;;;
ETAT GLOBAL COURRIERESCAL GUICHETIER;X;X;;;;;;;;;;;X;X;;;;
ETAT PASSAGERS;;;;;;;;;;;;;X;;;;;
EXERCICE LISTE COURRIER;X;X;;;;;X;;;;;;;;;;;
EXERCICE LISTE COURRIERESCAL;X;X;;;;;X;;;;;;;;;;;
EXERCICE LISTE PASSAGERS;X;X;;;;;X;;;;;;;;;;;
EXERCICE LISTE PASSAGERS ESCAL;X;X;;;;;X;;;;;;;;;;;
EXERCICE MENSUEL COURRIER GUICHETIER;X;X;;;;;X;;;;;;;;;;;
EXERCICE MENSUEL COURRIERESCAL GUICHETIER;X;X;;;;;X;;;;;;;;;;;
LISTE GLOBALE COURRIER;X;X;;;;;;;;;;;X;X;;;;
LISTE GLOBALE COURRIERESCAL;X;X;;;;;;;;;;;X;X;;;;
LISTE GLOBALE PASSAGERS;X;X;;;;;;;;;;;X;X;;;;
LISTE GLOBALE PASSAGERS ESCAL;X;X;;;;;;;;;;;X;X;;;;
MANIFEST COURRIER;X;X;;;;;X;;;;;;;;;;;
MANIFEST COURRIERESCAL;X;X;;;;;X;;;;;;;;;;;
MODIFICATION VERSEMENT COURRIER;X;X;;;;;;;;;;;;;;;;
RECAP DEPENSE COURRIER;X;X;;;;;;;;;;;;;;;;
RECAP DEPENSES COURRIER;;;;;;;;;;;;;X;X;;;;
RECAP EX MENSUEL COURRIER;X;X;;;;;X;;;;;;;;;;;
RECAP EX MENSUEL COURRIERESCAL;X;X;;;;;X;;;;;;;;;;;
RECAP EX MENSUEL ESCAL;X;X;;;;;X;;;;;;;;;;;
RECAP GLOBAL COURRIER;X;X;;;;;;;;;;;X;X;;;;
RECAP GLOBAL COURRIERESCAL;X;X;;;;;;;;;;;X;X;;;;
TRI POUR ARCHIVER DES DONNEES;X;X;;;;;;;;;;;;;;;;
TRI VERSEMENTS POUR MODIFICATION;X;;;;;;;;;;;;;;;;;
VERSEMENT COURRIER GUICHETIER;X;X;;;;;;;;;;;X;X;;;;
COURRIER ESCAL;X;;;;;;;;;;;;;;;;X;
VALIDER ARRIVER;X;;;;;;;;;;;;;;;;X;
VALIDER ARRIVER ESCAL;X;;;;;;;;;;;;;;;;;
BON MILITAIRE;X;;;;X;;;;;;;;;;X;;;
CARTE DE VOYAGE;X;;;;X;;;;;;X;;;;X;;;
FAIRE RECU;X;;;;X;;;;;;;;;;X;;;

NB_BOUTONS;106;89;2;4;23;12;41;10;2;4;3;8;25;24;20;2;7;4
