id_role;nom_role;bouton_guichet;present
1;Administrateur;RETOUR GARE;1
1;Administrateur;RETOUR TICKET;0
1;Administrateur;VOIR BORDEREAU BAGAGES(HISTORIQUE);1
1;Administrateur;VOIR CAISSE;1
1;Administrateur;VOIR CAISSE PRINCIPALE;1
1;Administrateur;VOIR ETATS;1
1;Administrateur;VOIR PROGRAMME;1
1;Administrateur;VOIR REIMPRESSION;1
1;Administrateur;PROGRAMME DE BUS;1
1;Administrateur;REPROGRAMMER AUTRE TICKET;1
1;Administrateur;REPROGRAMMER TICKET;1
1;Administrateur;REPROGRAMMER TICKET GUICHET;0
1;Administrateur;LISTES;1
1;Administrateur;DEPARTS;1
1;Administrateur;TARIFICATION;1
1;Administrateur;STATUT_HEURE_GARE;1
1;Administrateur;COMPTE;1
1;Administrateur;COMPTE ESCAL;0
1;Administrateur;COMPTEBAGAGE;1
1;Administrateur;AUTRES VENTE;1
1;Administrateur;BAGAGES AVEC TICKET NON FACTURER;1
1;Administrateur;BROUILLARD(EXERCICE) TICKET;1
1;Administrateur;BROUILLARD(EXERCICE)TICKET ESCAL;1
1;Administrateur;CONFIRMER AUTRE TICKET;1
1;Administrateur;CONFIRMER BON;1
1;Administrateur;CONFIRMER CARTE;1
1;Administrateur;CONFIRMER TICKET;1
1;Administrateur;CONFIRMER TICKET GUICHET;0
1;Administrateur;ETAT GLOBAL TICKET GUICHETIER;1
1;Administrateur;ETAT GLOBAL TICKET GUICHETIER ESCAL;1
1;Administrateur;EXERCICE MENSUEL TICKET GUICHETIER;1
1;Administrateur;EXERCICE MENSUEL TICKET GUICHETIER ESCAL;1
1;Administrateur;FACTURATION BAGAGES AVEC TICKET;1
1;Administrateur;MANIFEST TICKET;1
1;Administrateur;MANIFEST TICKET ESCAL;1
1;Administrateur;RECAP EX MENSUEL TICKET;1
1;Administrateur;RECAP GLOBAL TICKET;1
1;Administrateur;RECAP GLOBAL TICKET ESCAL;1
1;Administrateur;RECETTE GLOBALE TICKET;1
1;Administrateur;RECETTE GLOBALE TICKET PAR GARE;1
1;Administrateur;RECETTE PAR OPERATEUR TICKET;1
1;Administrateur;RESERVATION;1
1;Administrateur;TICKET;0
1;Administrateur;TICKET CONFIRMER;0
1;Administrateur;TICKET CONFIRMER DU JOUR;1
1;Administrateur;VALIDER RESERVATION;1
1;Administrateur;VENTE GUICHET;1
1;Administrateur;VENTE MOBILE;1
1;Administrateur;VENTE MOBILE ESCAL;0
1;Administrateur;VENTE TICKET;0
1;Administrateur;VERSEMENT TICKET GUICHETIER;1
1;Administrateur;AUTRES FACTURATION BAGAGES;1
1;Administrateur;BAGAGE;0
1;Administrateur;BAGAGE ESCAL;1
1;Administrateur;BAGAGES DECLARER;1
1;Administrateur;BAGAGES ESCAL DECLARER;1
1;Administrateur;BORDEREAU SUIVI BAGAGES;1
1;Administrateur;BROUILLARD(EXERCICE) BAGAGE;1
1;Administrateur;BROUILLARD(EXERCICE) BAGAGEESCAL;1
1;Administrateur;DECLARATION BAGAGES;1
1;Administrateur;DECLARATION BAGAGES ESCAL;1
1;Administrateur;ETAT GLOBAL BAGAGE OPERATEUR;1
1;Administrateur;ETAT GLOBAL BAGAGEESCAL OPERATEUR;1
1;Administrateur;EXERCICE MENSUEL BAGAGE OPERATEUR;1
1;Administrateur;EXERCICE MENSUEL BAGAGEESCAL OPERATEUR;1
1;Administrateur;FACTURATION BAGAGES ENVOI;1
1;Administrateur;MANIFEST BAGAGE;1
1;Administrateur;MANIFEST BAGAGEESCAL;1
1;Administrateur;MODIFICATION VERSEMENT BAGAGE;1
1;Administrateur;RECAP EX MENSUEL BAGAGE;1
1;Administrateur;RECAP EX MENSUEL BAGAGEESCAL;1
1;Administrateur;RECAP GLOBAL BAGAGE;1
1;Administrateur;RECAP GLOBAL BAGAGE ESCAL;1
1;Administrateur;VERSEMENT BAGAGES;1
1;Administrateur;ARCHIVER DONNEES COURRIER;1
1;Administrateur;BROUILLARD(EXERCICE) COURRIER;1
1;Administrateur;BROUILLARD(EXERCICE) COURRIERESCAL;1
1;Administrateur;COURRIERS DECLARER;1
1;Administrateur;COURRIERSESCAL DECLARER;1
1;Administrateur;DECLARATION;1
1;Administrateur;DECLARATION COURRIERS;1
1;Administrateur;DECLARATION COURRIERSESCAL;1
1;Administrateur;DECLARATION ESCAL;1
1;Administrateur;DECLARER;1
1;Administrateur;DECLARER ESCAL;1
1;Administrateur;ETAT GLOBAL COURRIER GUICHETIER;1
1;Administrateur;ETAT GLOBAL COURRIERESCAL GUICHETIER;1
1;Administrateur;ETAT PASSAGERS;0
1;Administrateur;EXERCICE LISTE COURRIER;1
1;Administrateur;EXERCICE LISTE COURRIERESCAL;1
1;Administrateur;EXERCICE LISTE PASSAGERS;1
1;Administrateur;EXERCICE LISTE PASSAGERS ESCAL;1
1;Administrateur;EXERCICE MENSUEL COURRIER GUICHETIER;1
1;Administrateur;EXERCICE MENSUEL COURRIERESCAL GUICHETIER;1
1;Administrateur;LISTE GLOBALE COURRIER;1
1;Administrateur;LISTE GLOBALE COURRIERESCAL;1
1;Administrateur;LISTE GLOBALE PASSAGERS;1
1;Administrateur;LISTE GLOBALE PASSAGERS ESCAL;1
1;Administrateur;MANIFEST COURRIER;1
1;Administrateur;MANIFEST COURRIERESCAL;1
1;Administrateur;MODIFICATION VERSEMENT COURRIER;1
1;Administrateur;RECAP DEPENSE COURRIER;1
1;Administrateur;RECAP DEPENSES COURRIER;0
1;Administrateur;RECAP EX MENSUEL COURRIER;1
1;Administrateur;RECAP EX MENSUEL COURRIERESCAL;1
1;Administrateur;RECAP EX MENSUEL ESCAL;1
1;Administrateur;RECAP GLOBAL COURRIER;1
1;Administrateur;RECAP GLOBAL COURRIERESCAL;1
1;Administrateur;TRI POUR ARCHIVER DES DONNEES;1
1;Administrateur;TRI VERSEMENTS POUR MODIFICATION;1
1;Administrateur;VERSEMENT COURRIER GUICHETIER;1
1;Administrateur;COURRIER ESCAL;1
1;Administrateur;VALIDER ARRIVER;1
1;Administrateur;VALIDER ARRIVER ESCAL;1
1;Administrateur;BON MILITAIRE;1
1;Administrateur;CARTE DE VOYAGE;1
1;Administrateur;FAIRE RECU;1
2;Superviseur;RETOUR GARE;1
2;Superviseur;RETOUR TICKET;0
2;Superviseur;VOIR BORDEREAU BAGAGES(HISTORIQUE);1
2;Superviseur;VOIR CAISSE;1
2;Superviseur;VOIR CAISSE PRINCIPALE;1
2;Superviseur;VOIR ETATS;1
2;Superviseur;VOIR PROGRAMME;1
2;Superviseur;VOIR REIMPRESSION;0
2;Superviseur;PROGRAMME DE BUS;0
2;Superviseur;REPROGRAMMER AUTRE TICKET;1
2;Superviseur;REPROGRAMMER TICKET;1
2;Superviseur;REPROGRAMMER TICKET GUICHET;0
2;Superviseur;LISTES;1
2;Superviseur;DEPARTS;1
2;Superviseur;TARIFICATION;1
2;Superviseur;STATUT_HEURE_GARE;1
2;Superviseur;COMPTE;0
2;Superviseur;COMPTE ESCAL;0
2;Superviseur;COMPTEBAGAGE;0
2;Superviseur;AUTRES VENTE;1
2;Superviseur;BAGAGES AVEC TICKET NON FACTURER;1
2;Superviseur;BROUILLARD(EXERCICE) TICKET;1
2;Superviseur;BROUILLARD(EXERCICE)TICKET ESCAL;1
2;Superviseur;CONFIRMER AUTRE TICKET;1
2;Superviseur;CONFIRMER BON;0
2;Superviseur;CONFIRMER CARTE;0
2;Superviseur;CONFIRMER TICKET;1
2;Superviseur;CONFIRMER TICKET GUICHET;0
2;Superviseur;ETAT GLOBAL TICKET GUICHETIER;1
2;Superviseur;ETAT GLOBAL TICKET GUICHETIER ESCAL;1
2;Superviseur;EXERCICE MENSUEL TICKET GUICHETIER;1
2;Superviseur;EXERCICE MENSUEL TICKET GUICHETIER ESCAL;1
2;Superviseur;FACTURATION BAGAGES AVEC TICKET;1
2;Superviseur;MANIFEST TICKET;1
2;Superviseur;MANIFEST TICKET ESCAL;1
2;Superviseur;RECAP EX MENSUEL TICKET;1
2;Superviseur;RECAP GLOBAL TICKET;1
2;Superviseur;RECAP GLOBAL TICKET ESCAL;1
2;Superviseur;RECETTE GLOBALE TICKET;1
2;Superviseur;RECETTE GLOBALE TICKET PAR GARE;1
2;Superviseur;RECETTE PAR OPERATEUR TICKET;1
2;Superviseur;RESERVATION;1
2;Superviseur;TICKET;0
2;Superviseur;TICKET CONFIRMER;0
2;Superviseur;TICKET CONFIRMER DU JOUR;0
2;Superviseur;VALIDER RESERVATION;1
2;Superviseur;VENTE GUICHET;1
2;Superviseur;VENTE MOBILE;0
2;Superviseur;VENTE MOBILE ESCAL;0
2;Superviseur;VENTE TICKET;0
2;Superviseur;VERSEMENT TICKET GUICHETIER;1
2;Superviseur;AUTRES FACTURATION BAGAGES;0
2;Superviseur;BAGAGE;0
2;Superviseur;BAGAGE ESCAL;0
2;Superviseur;BAGAGES DECLARER;1
2;Superviseur;BAGAGES ESCAL DECLARER;1
2;Superviseur;BORDEREAU SUIVI BAGAGES;1
2;Superviseur;BROUILLARD(EXERCICE) BAGAGE;1
2;Superviseur;BROUILLARD(EXERCICE) BAGAGEESCAL;1
2;Superviseur;DECLARATION BAGAGES;1
2;Superviseur;DECLARATION BAGAGES ESCAL;1
2;Superviseur;ETAT GLOBAL BAGAGE OPERATEUR;1
2;Superviseur;ETAT GLOBAL BAGAGEESCAL OPERATEUR;1
2;Superviseur;EXERCICE MENSUEL BAGAGE OPERATEUR;1
2;Superviseur;EXERCICE MENSUEL BAGAGEESCAL OPERATEUR;1
2;Superviseur;FACTURATION BAGAGES ENVOI;1
2;Superviseur;MANIFEST BAGAGE;1
2;Superviseur;MANIFEST BAGAGEESCAL;1
2;Superviseur;MODIFICATION VERSEMENT BAGAGE;1
2;Superviseur;RECAP EX MENSUEL BAGAGE;1
2;Superviseur;RECAP EX MENSUEL BAGAGEESCAL;1
2;Superviseur;RECAP GLOBAL BAGAGE;1
2;Superviseur;RECAP GLOBAL BAGAGE ESCAL;1
2;Superviseur;VERSEMENT BAGAGES;1
2;Superviseur;ARCHIVER DONNEES COURRIER;1
2;Superviseur;BROUILLARD(EXERCICE) COURRIER;1
2;Superviseur;BROUILLARD(EXERCICE) COURRIERESCAL;1
2;Superviseur;COURRIERS DECLARER;1
2;Superviseur;COURRIERSESCAL DECLARER;1
2;Superviseur;DECLARATION;1
2;Superviseur;DECLARATION COURRIERS;1
2;Superviseur;DECLARATION COURRIERSESCAL;1
2;Superviseur;DECLARATION ESCAL;1
2;Superviseur;DECLARER;1
2;Superviseur;DECLARER ESCAL;1
2;Superviseur;ETAT GLOBAL COURRIER GUICHETIER;1
2;Superviseur;ETAT GLOBAL COURRIERESCAL GUICHETIER;1
2;Superviseur;ETAT PASSAGERS;0
2;Superviseur;EXERCICE LISTE COURRIER;1
2;Superviseur;EXERCICE LISTE COURRIERESCAL;1
2;Superviseur;EXERCICE LISTE PASSAGERS;1
2;Superviseur;EXERCICE LISTE PASSAGERS ESCAL;1
2;Superviseur;EXERCICE MENSUEL COURRIER GUICHETIER;1
2;Superviseur;EXERCICE MENSUEL COURRIERESCAL GUICHETIER;1
2;Superviseur;LISTE GLOBALE COURRIER;1
2;Superviseur;LISTE GLOBALE COURRIERESCAL;1
2;Superviseur;LISTE GLOBALE PASSAGERS;1
2;Superviseur;LISTE GLOBALE PASSAGERS ESCAL;1
2;Superviseur;MANIFEST COURRIER;1
2;Superviseur;MANIFEST COURRIERESCAL;1
2;Superviseur;MODIFICATION VERSEMENT COURRIER;1
2;Superviseur;RECAP DEPENSE COURRIER;1
2;Superviseur;RECAP DEPENSES COURRIER;0
2;Superviseur;RECAP EX MENSUEL COURRIER;1
2;Superviseur;RECAP EX MENSUEL COURRIERESCAL;1
2;Superviseur;RECAP EX MENSUEL ESCAL;1
2;Superviseur;RECAP GLOBAL COURRIER;1
2;Superviseur;RECAP GLOBAL COURRIERESCAL;1
2;Superviseur;TRI POUR ARCHIVER DES DONNEES;1
2;Superviseur;TRI VERSEMENTS POUR MODIFICATION;0
2;Superviseur;VERSEMENT COURRIER GUICHETIER;1
2;Superviseur;COURRIER ESCAL;0
2;Superviseur;VALIDER ARRIVER;0
2;Superviseur;VALIDER ARRIVER ESCAL;0
2;Superviseur;BON MILITAIRE;0
2;Superviseur;CARTE DE VOYAGE;0
2;Superviseur;FAIRE RECU;0
3;Chefdegare;RETOUR GARE;1
3;Chefdegare;RETOUR TICKET;0
3;Chefdegare;VOIR BORDEREAU BAGAGES(HISTORIQUE);0
3;Chefdegare;VOIR CAISSE;0
3;Chefdegare;VOIR CAISSE PRINCIPALE;0
3;Chefdegare;VOIR ETATS;0
3;Chefdegare;VOIR PROGRAMME;1
3;Chefdegare;VOIR REIMPRESSION;0
3;Chefdegare;PROGRAMME DE BUS;0
3;Chefdegare;REPROGRAMMER AUTRE TICKET;0
3;Chefdegare;REPROGRAMMER TICKET;0
3;Chefdegare;REPROGRAMMER TICKET GUICHET;0
3;Chefdegare;LISTES;0
3;Chefdegare;DEPARTS;0
3;Chefdegare;TARIFICATION;0
3;Chefdegare;STATUT_HEURE_GARE;0
3;Chefdegare;COMPTE;0
3;Chefdegare;COMPTE ESCAL;0
3;Chefdegare;COMPTEBAGAGE;0
3;Chefdegare;AUTRES VENTE;0
3;Chefdegare;BAGAGES AVEC TICKET NON FACTURER;0
3;Chefdegare;BROUILLARD(EXERCICE) TICKET;0
3;Chefdegare;BROUILLARD(EXERCICE)TICKET ESCAL;0
3;Chefdegare;CONFIRMER AUTRE TICKET;0
3;Chefdegare;CONFIRMER BON;0
3;Chefdegare;CONFIRMER CARTE;0
3;Chefdegare;CONFIRMER TICKET;0
3;Chefdegare;CONFIRMER TICKET GUICHET;0
3;Chefdegare;ETAT GLOBAL TICKET GUICHETIER;0
3;Chefdegare;ETAT GLOBAL TICKET GUICHETIER ESCAL;0
3;Chefdegare;EXERCICE MENSUEL TICKET GUICHETIER;0
3;Chefdegare;EXERCICE MENSUEL TICKET GUICHETIER ESCAL;0
3;Chefdegare;FACTURATION BAGAGES AVEC TICKET;0
3;Chefdegare;MANIFEST TICKET;0
3;Chefdegare;MANIFEST TICKET ESCAL;0
3;Chefdegare;RECAP EX MENSUEL TICKET;0
3;Chefdegare;RECAP GLOBAL TICKET;0
3;Chefdegare;RECAP GLOBAL TICKET ESCAL;0
3;Chefdegare;RECETTE GLOBALE TICKET;0
3;Chefdegare;RECETTE GLOBALE TICKET PAR GARE;0
3;Chefdegare;RECETTE PAR OPERATEUR TICKET;0
3;Chefdegare;RESERVATION;0
3;Chefdegare;TICKET;0
3;Chefdegare;TICKET CONFIRMER;0
3;Chefdegare;TICKET CONFIRMER DU JOUR;0
3;Chefdegare;VALIDER RESERVATION;0
3;Chefdegare;VENTE GUICHET;0
3;Chefdegare;VENTE MOBILE;0
3;Chefdegare;VENTE MOBILE ESCAL;0
3;Chefdegare;VENTE TICKET;0
3;Chefdegare;VERSEMENT TICKET GUICHETIER;0
3;Chefdegare;AUTRES FACTURATION BAGAGES;0
3;Chefdegare;BAGAGE;0
3;Chefdegare;BAGAGE ESCAL;0
3;Chefdegare;BAGAGES DECLARER;0
3;Chefdegare;BAGAGES ESCAL DECLARER;0
3;Chefdegare;BORDEREAU SUIVI BAGAGES;0
3;Chefdegare;BROUILLARD(EXERCICE) BAGAGE;0
3;Chefdegare;BROUILLARD(EXERCICE) BAGAGEESCAL;0
3;Chefdegare;DECLARATION BAGAGES;0
3;Chefdegare;DECLARATION BAGAGES ESCAL;0
3;Chefdegare;ETAT GLOBAL BAGAGE OPERATEUR;0
3;Chefdegare;ETAT GLOBAL BAGAGEESCAL OPERATEUR;0
3;Chefdegare;EXERCICE MENSUEL BAGAGE OPERATEUR;0
3;Chefdegare;EXERCICE MENSUEL BAGAGEESCAL OPERATEUR;0
3;Chefdegare;FACTURATION BAGAGES ENVOI;0
3;Chefdegare;MANIFEST BAGAGE;0
3;Chefdegare;MANIFEST BAGAGEESCAL;0
3;Chefdegare;MODIFICATION VERSEMENT BAGAGE;0
3;Chefdegare;RECAP EX MENSUEL BAGAGE;0
3;Chefdegare;RECAP EX MENSUEL BAGAGEESCAL;0
3;Chefdegare;RECAP GLOBAL BAGAGE;0
3;Chefdegare;RECAP GLOBAL BAGAGE ESCAL;0
3;Chefdegare;VERSEMENT BAGAGES;0
3;Chefdegare;ARCHIVER DONNEES COURRIER;0
3;Chefdegare;BROUILLARD(EXERCICE) COURRIER;0
3;Chefdegare;BROUILLARD(EXERCICE) COURRIERESCAL;0
3;Chefdegare;COURRIERS DECLARER;0
3;Chefdegare;COURRIERSESCAL DECLARER;0
3;Chefdegare;DECLARATION;0
3;Chefdegare;DECLARATION COURRIERS;0
3;Chefdegare;DECLARATION COURRIERSESCAL;0
3;Chefdegare;DECLARATION ESCAL;0
3;Chefdegare;DECLARER;0
3;Chefdegare;DECLARER ESCAL;0
3;Chefdegare;ETAT GLOBAL COURRIER GUICHETIER;0
3;Chefdegare;ETAT GLOBAL COURRIERESCAL GUICHETIER;0
3;Chefdegare;ETAT PASSAGERS;0
3;Chefdegare;EXERCICE LISTE COURRIER;0
3;Chefdegare;EXERCICE LISTE COURRIERESCAL;0
3;Chefdegare;EXERCICE LISTE PASSAGERS;0
3;Chefdegare;EXERCICE LISTE PASSAGERS ESCAL;0
3;Chefdegare;EXERCICE MENSUEL COURRIER GUICHETIER;0
3;Chefdegare;EXERCICE MENSUEL COURRIERESCAL GUICHETIER;0
3;Chefdegare;LISTE GLOBALE COURRIER;0
3;Chefdegare;LISTE GLOBALE COURRIERESCAL;0
3;Chefdegare;LISTE GLOBALE PASSAGERS;0
3;Chefdegare;LISTE GLOBALE PASSAGERS ESCAL;0
3;Chefdegare;MANIFEST COURRIER;0
3;Chefdegare;MANIFEST COURRIERESCAL;0
3;Chefdegare;MODIFICATION VERSEMENT COURRIER;0
3;Chefdegare;RECAP DEPENSE COURRIER;0
3;Chefdegare;RECAP DEPENSES COURRIER;0
3;Chefdegare;RECAP EX MENSUEL COURRIER;0
3;Chefdegare;RECAP EX MENSUEL COURRIERESCAL;0
3;Chefdegare;RECAP EX MENSUEL ESCAL;0
3;Chefdegare;RECAP GLOBAL COURRIER;0
3;Chefdegare;RECAP GLOBAL COURRIERESCAL;0
3;Chefdegare;TRI POUR ARCHIVER DES DONNEES;0
3;Chefdegare;TRI VERSEMENTS POUR MODIFICATION;0
3;Chefdegare;VERSEMENT COURRIER GUICHETIER;0
3;Chefdegare;COURRIER ESCAL;0
3;Chefdegare;VALIDER ARRIVER;0
3;Chefdegare;VALIDER ARRIVER ESCAL;0
3;Chefdegare;BON MILITAIRE;0
3;Chefdegare;CARTE DE VOYAGE;0
3;Chefdegare;FAIRE RECU;0
4;Caisse;RETOUR GARE;1
4;Caisse;RETOUR TICKET;0
4;Caisse;VOIR BORDEREAU BAGAGES(HISTORIQUE);0
4;Caisse;VOIR CAISSE;1
4;Caisse;VOIR CAISSE PRINCIPALE;0
4;Caisse;VOIR ETATS;1
4;Caisse;VOIR PROGRAMME;0
4;Caisse;VOIR REIMPRESSION;0
4;Caisse;PROGRAMME DE BUS;0
4;Caisse;REPROGRAMMER AUTRE TICKET;0
4;Caisse;REPROGRAMMER TICKET;0
4;Caisse;REPROGRAMMER TICKET GUICHET;0
4;Caisse;LISTES;0
4;Caisse;DEPARTS;0
4;Caisse;TARIFICATION;0
4;Caisse;STATUT_HEURE_GARE;0
4;Caisse;COMPTE;0
4;Caisse;COMPTE ESCAL;0
4;Caisse;COMPTEBAGAGE;0
4;Caisse;AUTRES VENTE;1
4;Caisse;BAGAGES AVEC TICKET NON FACTURER;0
4;Caisse;BROUILLARD(EXERCICE) TICKET;0
4;Caisse;BROUILLARD(EXERCICE)TICKET ESCAL;0
4;Caisse;CONFIRMER AUTRE TICKET;0
4;Caisse;CONFIRMER BON;0
4;Caisse;CONFIRMER CARTE;0
4;Caisse;CONFIRMER TICKET;0
4;Caisse;CONFIRMER TICKET GUICHET;0
4;Caisse;ETAT GLOBAL TICKET GUICHETIER;0
4;Caisse;ETAT GLOBAL TICKET GUICHETIER ESCAL;0
4;Caisse;EXERCICE MENSUEL TICKET GUICHETIER;0
4;Caisse;EXERCICE MENSUEL TICKET GUICHETIER ESCAL;0
4;Caisse;FACTURATION BAGAGES AVEC TICKET;0
4;Caisse;MANIFEST TICKET;0
4;Caisse;MANIFEST TICKET ESCAL;0
4;Caisse;RECAP EX MENSUEL TICKET;0
4;Caisse;RECAP GLOBAL TICKET;0
4;Caisse;RECAP GLOBAL TICKET ESCAL;0
4;Caisse;RECETTE GLOBALE TICKET;0
4;Caisse;RECETTE GLOBALE TICKET PAR GARE;0
4;Caisse;RECETTE PAR OPERATEUR TICKET;0
4;Caisse;RESERVATION;0
4;Caisse;TICKET;0
4;Caisse;TICKET CONFIRMER;0
4;Caisse;TICKET CONFIRMER DU JOUR;0
4;Caisse;VALIDER RESERVATION;0
4;Caisse;VENTE GUICHET;0
4;Caisse;VENTE MOBILE;0
4;Caisse;VENTE MOBILE ESCAL;0
4;Caisse;VENTE TICKET;0
4;Caisse;VERSEMENT TICKET GUICHETIER;0
4;Caisse;AUTRES FACTURATION BAGAGES;0
4;Caisse;BAGAGE;0
4;Caisse;BAGAGE ESCAL;0
4;Caisse;BAGAGES DECLARER;0
4;Caisse;BAGAGES ESCAL DECLARER;0
4;Caisse;BORDEREAU SUIVI BAGAGES;0
4;Caisse;BROUILLARD(EXERCICE) BAGAGE;0
4;Caisse;BROUILLARD(EXERCICE) BAGAGEESCAL;0
4;Caisse;DECLARATION BAGAGES;0
4;Caisse;DECLARATION BAGAGES ESCAL;0
4;Caisse;ETAT GLOBAL BAGAGE OPERATEUR;0
4;Caisse;ETAT GLOBAL BAGAGEESCAL OPERATEUR;0
4;Caisse;EXERCICE MENSUEL BAGAGE OPERATEUR;0
4;Caisse;EXERCICE MENSUEL BAGAGEESCAL OPERATEUR;0
4;Caisse;FACTURATION BAGAGES ENVOI;0
4;Caisse;MANIFEST BAGAGE;0
4;Caisse;MANIFEST BAGAGEESCAL;0
4;Caisse;MODIFICATION VERSEMENT BAGAGE;0
4;Caisse;RECAP EX MENSUEL BAGAGE;0
4;Caisse;RECAP EX MENSUEL BAGAGEESCAL;0
4;Caisse;RECAP GLOBAL BAGAGE;0
4;Caisse;RECAP GLOBAL BAGAGE ESCAL;0
4;Caisse;VERSEMENT BAGAGES;0
4;Caisse;ARCHIVER DONNEES COURRIER;0
4;Caisse;BROUILLARD(EXERCICE) COURRIER;0
4;Caisse;BROUILLARD(EXERCICE) COURRIERESCAL;0
4;Caisse;COURRIERS DECLARER;0
4;Caisse;COURRIERSESCAL DECLARER;0
4;Caisse;DECLARATION;0
4;Caisse;DECLARATION COURRIERS;0
4;Caisse;DECLARATION COURRIERSESCAL;0
4;Caisse;DECLARATION ESCAL;0
4;Caisse;DECLARER;0
4;Caisse;DECLARER ESCAL;0
4;Caisse;ETAT GLOBAL COURRIER GUICHETIER;0
4;Caisse;ETAT GLOBAL COURRIERESCAL GUICHETIER;0
4;Caisse;ETAT PASSAGERS;0
4;Caisse;EXERCICE LISTE COURRIER;0
4;Caisse;EXERCICE LISTE COURRIERESCAL;0
4;Caisse;EXERCICE LISTE PASSAGERS;0
4;Caisse;EXERCICE LISTE PASSAGERS ESCAL;0
4;Caisse;EXERCICE MENSUEL COURRIER GUICHETIER;0
4;Caisse;EXERCICE MENSUEL COURRIERESCAL GUICHETIER;0
4;Caisse;LISTE GLOBALE COURRIER;0
4;Caisse;LISTE GLOBALE COURRIERESCAL;0
4;Caisse;LISTE GLOBALE PASSAGERS;0
4;Caisse;LISTE GLOBALE PASSAGERS ESCAL;0
4;Caisse;MANIFEST COURRIER;0
4;Caisse;MANIFEST COURRIERESCAL;0
4;Caisse;MODIFICATION VERSEMENT COURRIER;0
4;Caisse;RECAP DEPENSE COURRIER;0
4;Caisse;RECAP DEPENSES COURRIER;0
4;Caisse;RECAP EX MENSUEL COURRIER;0
4;Caisse;RECAP EX MENSUEL COURRIERESCAL;0
4;Caisse;RECAP EX MENSUEL ESCAL;0
4;Caisse;RECAP GLOBAL COURRIER;0
4;Caisse;RECAP GLOBAL COURRIERESCAL;0
4;Caisse;TRI POUR ARCHIVER DES DONNEES;0
4;Caisse;TRI VERSEMENTS POUR MODIFICATION;0
4;Caisse;VERSEMENT COURRIER GUICHETIER;0
4;Caisse;COURRIER ESCAL;0
4;Caisse;VALIDER ARRIVER;0
4;Caisse;VALIDER ARRIVER ESCAL;0
4;Caisse;BON MILITAIRE;0
4;Caisse;CARTE DE VOYAGE;0
4;Caisse;FAIRE RECU;0
5;ChefGuichet;RETOUR GARE;1
5;ChefGuichet;RETOUR TICKET;1
5;ChefGuichet;VOIR BORDEREAU BAGAGES(HISTORIQUE);1
5;ChefGuichet;VOIR CAISSE;1
5;ChefGuichet;VOIR CAISSE PRINCIPALE;0
5;ChefGuichet;VOIR ETATS;1
5;ChefGuichet;VOIR PROGRAMME;1
5;ChefGuichet;VOIR REIMPRESSION;0
5;ChefGuichet;PROGRAMME DE BUS;0
5;ChefGuichet;REPROGRAMMER AUTRE TICKET;0
5;ChefGuichet;REPROGRAMMER TICKET;1
5;ChefGuichet;REPROGRAMMER TICKET GUICHET;1
5;ChefGuichet;LISTES;1
5;ChefGuichet;DEPARTS;1
5;ChefGuichet;TARIFICATION;1
5;ChefGuichet;STATUT_HEURE_GARE;1
5;ChefGuichet;COMPTE;0
5;ChefGuichet;COMPTE ESCAL;0
5;ChefGuichet;COMPTEBAGAGE;0
5;ChefGuichet;AUTRES VENTE;1
5;ChefGuichet;BAGAGES AVEC TICKET NON FACTURER;0
5;ChefGuichet;BROUILLARD(EXERCICE) TICKET;0
5;ChefGuichet;BROUILLARD(EXERCICE)TICKET ESCAL;0
5;ChefGuichet;CONFIRMER AUTRE TICKET;0
5;ChefGuichet;CONFIRMER BON;1
5;ChefGuichet;CONFIRMER CARTE;1
5;ChefGuichet;CONFIRMER TICKET;1
5;ChefGuichet;CONFIRMER TICKET GUICHET;1
5;ChefGuichet;ETAT GLOBAL TICKET GUICHETIER;0
5;ChefGuichet;ETAT GLOBAL TICKET GUICHETIER ESCAL;0
5;ChefGuichet;EXERCICE MENSUEL TICKET GUICHETIER;0
5;ChefGuichet;EXERCICE MENSUEL TICKET GUICHETIER ESCAL;0
5;ChefGuichet;FACTURATION BAGAGES AVEC TICKET;0
5;ChefGuichet;MANIFEST TICKET;0
5;ChefGuichet;MANIFEST TICKET ESCAL;0
5;ChefGuichet;RECAP EX MENSUEL TICKET;0
5;ChefGuichet;RECAP GLOBAL TICKET;0
5;ChefGuichet;RECAP GLOBAL TICKET ESCAL;0
5;ChefGuichet;RECETTE GLOBALE TICKET;0
5;ChefGuichet;RECETTE GLOBALE TICKET PAR GARE;0
5;ChefGuichet;RECETTE PAR OPERATEUR TICKET;0
5;ChefGuichet;RESERVATION;1
5;ChefGuichet;TICKET;0
5;ChefGuichet;TICKET CONFIRMER;1
5;ChefGuichet;TICKET CONFIRMER DU JOUR;0
5;ChefGuichet;VALIDER RESERVATION;1
5;ChefGuichet;VENTE GUICHET;0
5;ChefGuichet;VENTE MOBILE;0
5;ChefGuichet;VENTE MOBILE ESCAL;0
5;ChefGuichet;VENTE TICKET;0
5;ChefGuichet;VERSEMENT TICKET GUICHETIER;0
5;ChefGuichet;AUTRES FACTURATION BAGAGES;0
5;ChefGuichet;BAGAGE;0
5;ChefGuichet;BAGAGE ESCAL;0
5;ChefGuichet;BAGAGES DECLARER;0
5;ChefGuichet;BAGAGES ESCAL DECLARER;0
5;ChefGuichet;BORDEREAU SUIVI BAGAGES;0
5;ChefGuichet;BROUILLARD(EXERCICE) BAGAGE;0
5;ChefGuichet;BROUILLARD(EXERCICE) BAGAGEESCAL;0
5;ChefGuichet;DECLARATION BAGAGES;0
5;ChefGuichet;DECLARATION BAGAGES ESCAL;0
5;ChefGuichet;ETAT GLOBAL BAGAGE OPERATEUR;0
5;ChefGuichet;ETAT GLOBAL BAGAGEESCAL OPERATEUR;0
5;ChefGuichet;EXERCICE MENSUEL BAGAGE OPERATEUR;0
5;ChefGuichet;EXERCICE MENSUEL BAGAGEESCAL OPERATEUR;0
5;ChefGuichet;FACTURATION BAGAGES ENVOI;0
5;ChefGuichet;MANIFEST BAGAGE;0
5;ChefGuichet;MANIFEST BAGAGEESCAL;0
5;ChefGuichet;MODIFICATION VERSEMENT BAGAGE;0
5;ChefGuichet;RECAP EX MENSUEL BAGAGE;0
5;ChefGuichet;RECAP EX MENSUEL BAGAGEESCAL;0
5;ChefGuichet;RECAP GLOBAL BAGAGE;0
5;ChefGuichet;RECAP GLOBAL BAGAGE ESCAL;0
5;ChefGuichet;VERSEMENT BAGAGES;0
5;ChefGuichet;ARCHIVER DONNEES COURRIER;0
5;ChefGuichet;BROUILLARD(EXERCICE) COURRIER;0
5;ChefGuichet;BROUILLARD(EXERCICE) COURRIERESCAL;0
5;ChefGuichet;COURRIERS DECLARER;0
5;ChefGuichet;COURRIERSESCAL DECLARER;0
5;ChefGuichet;DECLARATION;0
5;ChefGuichet;DECLARATION COURRIERS;0
5;ChefGuichet;DECLARATION COURRIERSESCAL;0
5;ChefGuichet;DECLARATION ESCAL;0
5;ChefGuichet;DECLARER;0
5;ChefGuichet;DECLARER ESCAL;0
5;ChefGuichet;ETAT GLOBAL COURRIER GUICHETIER;0
5;ChefGuichet;ETAT GLOBAL COURRIERESCAL GUICHETIER;0
5;ChefGuichet;ETAT PASSAGERS;0
5;ChefGuichet;EXERCICE LISTE COURRIER;0
5;ChefGuichet;EXERCICE LISTE COURRIERESCAL;0
5;ChefGuichet;EXERCICE LISTE PASSAGERS;0
5;ChefGuichet;EXERCICE LISTE PASSAGERS ESCAL;0
5;ChefGuichet;EXERCICE MENSUEL COURRIER GUICHETIER;0
5;ChefGuichet;EXERCICE MENSUEL COURRIERESCAL GUICHETIER;0
5;ChefGuichet;LISTE GLOBALE COURRIER;0
5;ChefGuichet;LISTE GLOBALE COURRIERESCAL;0
5;ChefGuichet;LISTE GLOBALE PASSAGERS;0
5;ChefGuichet;LISTE GLOBALE PASSAGERS ESCAL;0
5;ChefGuichet;MANIFEST COURRIER;0
5;ChefGuichet;MANIFEST COURRIERESCAL;0
5;ChefGuichet;MODIFICATION VERSEMENT COURRIER;0
5;ChefGuichet;RECAP DEPENSE COURRIER;0
5;ChefGuichet;RECAP DEPENSES COURRIER;0
5;ChefGuichet;RECAP EX MENSUEL COURRIER;0
5;ChefGuichet;RECAP EX MENSUEL COURRIERESCAL;0
5;ChefGuichet;RECAP EX MENSUEL ESCAL;0
5;ChefGuichet;RECAP GLOBAL COURRIER;0
5;ChefGuichet;RECAP GLOBAL COURRIERESCAL;0
5;ChefGuichet;TRI POUR ARCHIVER DES DONNEES;0
5;ChefGuichet;TRI VERSEMENTS POUR MODIFICATION;0
5;ChefGuichet;VERSEMENT COURRIER GUICHETIER;0
5;ChefGuichet;COURRIER ESCAL;0
5;ChefGuichet;VALIDER ARRIVER;0
5;ChefGuichet;VALIDER ARRIVER ESCAL;0
5;ChefGuichet;BON MILITAIRE;1
5;ChefGuichet;CARTE DE VOYAGE;1
5;ChefGuichet;FAIRE RECU;1
6;Vente;RETOUR GARE;1
6;Vente;RETOUR TICKET;1
6;Vente;VOIR BORDEREAU BAGAGES(HISTORIQUE);0
6;Vente;VOIR CAISSE;0
6;Vente;VOIR CAISSE PRINCIPALE;0
6;Vente;VOIR ETATS;0
6;Vente;VOIR PROGRAMME;0
6;Vente;VOIR REIMPRESSION;0
6;Vente;PROGRAMME DE BUS;0
6;Vente;REPROGRAMMER AUTRE TICKET;0
6;Vente;REPROGRAMMER TICKET;1
6;Vente;REPROGRAMMER TICKET GUICHET;0
6;Vente;LISTES;1
6;Vente;DEPARTS;0
6;Vente;TARIFICATION;0
6;Vente;STATUT_HEURE_GARE;0
6;Vente;COMPTE;1
6;Vente;COMPTE ESCAL;0
6;Vente;COMPTEBAGAGE;0
6;Vente;AUTRES VENTE;0
6;Vente;BAGAGES AVEC TICKET NON FACTURER;0
6;Vente;BROUILLARD(EXERCICE) TICKET;0
6;Vente;BROUILLARD(EXERCICE)TICKET ESCAL;0
6;Vente;CONFIRMER AUTRE TICKET;0
6;Vente;CONFIRMER BON;1
6;Vente;CONFIRMER CARTE;1
6;Vente;CONFIRMER TICKET;1
6;Vente;CONFIRMER TICKET GUICHET;0
6;Vente;ETAT GLOBAL TICKET GUICHETIER;0
6;Vente;ETAT GLOBAL TICKET GUICHETIER ESCAL;0
6;Vente;EXERCICE MENSUEL TICKET GUICHETIER;0
6;Vente;EXERCICE MENSUEL TICKET GUICHETIER ESCAL;0
6;Vente;FACTURATION BAGAGES AVEC TICKET;0
6;Vente;MANIFEST TICKET;0
6;Vente;MANIFEST TICKET ESCAL;0
6;Vente;RECAP EX MENSUEL TICKET;0
6;Vente;RECAP GLOBAL TICKET;0
6;Vente;RECAP GLOBAL TICKET ESCAL;0
6;Vente;RECETTE GLOBALE TICKET;0
6;Vente;RECETTE GLOBALE TICKET PAR GARE;0
6;Vente;RECETTE PAR OPERATEUR TICKET;0
6;Vente;RESERVATION;0
6;Vente;TICKET;1
6;Vente;TICKET CONFIRMER;0
6;Vente;TICKET CONFIRMER DU JOUR;0
6;Vente;VALIDER RESERVATION;1
6;Vente;VENTE GUICHET;0
6;Vente;VENTE MOBILE;0
6;Vente;VENTE MOBILE ESCAL;0
6;Vente;VENTE TICKET;1
6;Vente;VERSEMENT TICKET GUICHETIER;0
6;Vente;AUTRES FACTURATION BAGAGES;0
6;Vente;BAGAGE;1
6;Vente;BAGAGE ESCAL;0
6;Vente;BAGAGES DECLARER;0
6;Vente;BAGAGES ESCAL DECLARER;0
6;Vente;BORDEREAU SUIVI BAGAGES;0
6;Vente;BROUILLARD(EXERCICE) BAGAGE;0
6;Vente;BROUILLARD(EXERCICE) BAGAGEESCAL;0
6;Vente;DECLARATION BAGAGES;0
6;Vente;DECLARATION BAGAGES ESCAL;0
6;Vente;ETAT GLOBAL BAGAGE OPERATEUR;0
6;Vente;ETAT GLOBAL BAGAGEESCAL OPERATEUR;0
6;Vente;EXERCICE MENSUEL BAGAGE OPERATEUR;0
6;Vente;EXERCICE MENSUEL BAGAGEESCAL OPERATEUR;0
6;Vente;FACTURATION BAGAGES ENVOI;0
6;Vente;MANIFEST BAGAGE;0
6;Vente;MANIFEST BAGAGEESCAL;0
6;Vente;MODIFICATION VERSEMENT BAGAGE;0
6;Vente;RECAP EX MENSUEL BAGAGE;0
6;Vente;RECAP EX MENSUEL BAGAGEESCAL;0
6;Vente;RECAP GLOBAL BAGAGE;0
6;Vente;RECAP GLOBAL BAGAGE ESCAL;0
6;Vente;VERSEMENT BAGAGES;0
6;Vente;ARCHIVER DONNEES COURRIER;0
6;Vente;BROUILLARD(EXERCICE) COURRIER;0
6;Vente;BROUILLARD(EXERCICE) COURRIERESCAL;0
6;Vente;COURRIERS DECLARER;0
6;Vente;COURRIERSESCAL DECLARER;0
6;Vente;DECLARATION;0
6;Vente;DECLARATION COURRIERS;0
6;Vente;DECLARATION COURRIERSESCAL;0
6;Vente;DECLARATION ESCAL;0
6;Vente;DECLARER;0
6;Vente;DECLARER ESCAL;0
6;Vente;ETAT GLOBAL COURRIER GUICHETIER;0
6;Vente;ETAT GLOBAL COURRIERESCAL GUICHETIER;0
6;Vente;ETAT PASSAGERS;0
6;Vente;EXERCICE LISTE COURRIER;0
6;Vente;EXERCICE LISTE COURRIERESCAL;0
6;Vente;EXERCICE LISTE PASSAGERS;0
6;Vente;EXERCICE LISTE PASSAGERS ESCAL;0
6;Vente;EXERCICE MENSUEL COURRIER GUICHETIER;0
6;Vente;EXERCICE MENSUEL COURRIERESCAL GUICHETIER;0
6;Vente;LISTE GLOBALE COURRIER;0
6;Vente;LISTE GLOBALE COURRIERESCAL;0
6;Vente;LISTE GLOBALE PASSAGERS;0
6;Vente;LISTE GLOBALE PASSAGERS ESCAL;0
6;Vente;MANIFEST COURRIER;0
6;Vente;MANIFEST COURRIERESCAL;0
6;Vente;MODIFICATION VERSEMENT COURRIER;0
6;Vente;RECAP DEPENSE COURRIER;0
6;Vente;RECAP DEPENSES COURRIER;0
6;Vente;RECAP EX MENSUEL COURRIER;0
6;Vente;RECAP EX MENSUEL COURRIERESCAL;0
6;Vente;RECAP EX MENSUEL ESCAL;0
6;Vente;RECAP GLOBAL COURRIER;0
6;Vente;RECAP GLOBAL COURRIERESCAL;0
6;Vente;TRI POUR ARCHIVER DES DONNEES;0
6;Vente;TRI VERSEMENTS POUR MODIFICATION;0
6;Vente;VERSEMENT COURRIER GUICHETIER;0
6;Vente;COURRIER ESCAL;0
6;Vente;VALIDER ARRIVER;0
6;Vente;VALIDER ARRIVER ESCAL;0
6;Vente;BON MILITAIRE;0
6;Vente;CARTE DE VOYAGE;0
6;Vente;FAIRE RECU;0
7;Comptable;RETOUR GARE;1
7;Comptable;RETOUR TICKET;0
7;Comptable;VOIR BORDEREAU BAGAGES(HISTORIQUE);0
7;Comptable;VOIR CAISSE;0
7;Comptable;VOIR CAISSE PRINCIPALE;0
7;Comptable;VOIR ETATS;0
7;Comptable;VOIR PROGRAMME;0
7;Comptable;VOIR REIMPRESSION;0
7;Comptable;PROGRAMME DE BUS;0
7;Comptable;REPROGRAMMER AUTRE TICKET;0
7;Comptable;REPROGRAMMER TICKET;0
7;Comptable;REPROGRAMMER TICKET GUICHET;0
7;Comptable;LISTES;0
7;Comptable;DEPARTS;0
7;Comptable;TARIFICATION;0
7;Comptable;STATUT_HEURE_GARE;0
7;Comptable;COMPTE;0
7;Comptable;COMPTE ESCAL;0
7;Comptable;COMPTEBAGAGE;0
7;Comptable;AUTRES VENTE;0
7;Comptable;BAGAGES AVEC TICKET NON FACTURER;0
7;Comptable;BROUILLARD(EXERCICE) TICKET;1
7;Comptable;BROUILLARD(EXERCICE)TICKET ESCAL;1
7;Comptable;CONFIRMER AUTRE TICKET;0
7;Comptable;CONFIRMER BON;0
7;Comptable;CONFIRMER CARTE;0
7;Comptable;CONFIRMER TICKET;0
7;Comptable;CONFIRMER TICKET GUICHET;0
7;Comptable;ETAT GLOBAL TICKET GUICHETIER;0
7;Comptable;ETAT GLOBAL TICKET GUICHETIER ESCAL;0
7;Comptable;EXERCICE MENSUEL TICKET GUICHETIER;1
7;Comptable;EXERCICE MENSUEL TICKET GUICHETIER ESCAL;1
7;Comptable;FACTURATION BAGAGES AVEC TICKET;0
7;Comptable;MANIFEST TICKET;1
7;Comptable;MANIFEST TICKET ESCAL;1
7;Comptable;RECAP EX MENSUEL TICKET;1
7;Comptable;RECAP GLOBAL TICKET;0
7;Comptable;RECAP GLOBAL TICKET ESCAL;0
7;Comptable;RECETTE GLOBALE TICKET;0
7;Comptable;RECETTE GLOBALE TICKET PAR GARE;0
7;Comptable;RECETTE PAR OPERATEUR TICKET;0
7;Comptable;RESERVATION;0
7;Comptable;TICKET;0
7;Comptable;TICKET CONFIRMER;0
7;Comptable;TICKET CONFIRMER DU JOUR;0
7;Comptable;VALIDER RESERVATION;0
7;Comptable;VENTE GUICHET;0
7;Comptable;VENTE MOBILE;0
7;Comptable;VENTE MOBILE ESCAL;0
7;Comptable;VENTE TICKET;0
7;Comptable;VERSEMENT TICKET GUICHETIER;0
7;Comptable;AUTRES FACTURATION BAGAGES;0
7;Comptable;BAGAGE;0
7;Comptable;BAGAGE ESCAL;0
7;Comptable;BAGAGES DECLARER;1
7;Comptable;BAGAGES ESCAL DECLARER;1
7;Comptable;BORDEREAU SUIVI BAGAGES;0
7;Comptable;BROUILLARD(EXERCICE) BAGAGE;1
7;Comptable;BROUILLARD(EXERCICE) BAGAGEESCAL;1
7;Comptable;DECLARATION BAGAGES;1
7;Comptable;DECLARATION BAGAGES ESCAL;1
7;Comptable;ETAT GLOBAL BAGAGE OPERATEUR;0
7;Comptable;ETAT GLOBAL BAGAGEESCAL OPERATEUR;0
7;Comptable;EXERCICE MENSUEL BAGAGE OPERATEUR;1
7;Comptable;EXERCICE MENSUEL BAGAGEESCAL OPERATEUR;1
7;Comptable;FACTURATION BAGAGES ENVOI;0
7;Comptable;MANIFEST BAGAGE;1
7;Comptable;MANIFEST BAGAGEESCAL;1
7;Comptable;MODIFICATION VERSEMENT BAGAGE;0
7;Comptable;RECAP EX MENSUEL BAGAGE;1
7;Comptable;RECAP EX MENSUEL BAGAGEESCAL;1
7;Comptable;RECAP GLOBAL BAGAGE;0
7;Comptable;RECAP GLOBAL BAGAGE ESCAL;0
7;Comptable;VERSEMENT BAGAGES;0
7;Comptable;ARCHIVER DONNEES COURRIER;0
7;Comptable;BROUILLARD(EXERCICE) COURRIER;1
7;Comptable;BROUILLARD(EXERCICE) COURRIERESCAL;1
7;Comptable;COURRIERS DECLARER;1
7;Comptable;COURRIERSESCAL DECLARER;1
7;Comptable;DECLARATION;1
7;Comptable;DECLARATION COURRIERS;1
7;Comptable;DECLARATION COURRIERSESCAL;1
7;Comptable;DECLARATION ESCAL;1
7;Comptable;DECLARER;1
7;Comptable;DECLARER ESCAL;1
7;Comptable;ETAT GLOBAL COURRIER GUICHETIER;0
7;Comptable;ETAT GLOBAL COURRIERESCAL GUICHETIER;0
7;Comptable;ETAT PASSAGERS;0
7;Comptable;EXERCICE LISTE COURRIER;1
7;Comptable;EXERCICE LISTE COURRIERESCAL;1
7;Comptable;EXERCICE LISTE PASSAGERS;1
7;Comptable;EXERCICE LISTE PASSAGERS ESCAL;1
7;Comptable;EXERCICE MENSUEL COURRIER GUICHETIER;1
7;Comptable;EXERCICE MENSUEL COURRIERESCAL GUICHETIER;1
7;Comptable;LISTE GLOBALE COURRIER;0
7;Comptable;LISTE GLOBALE COURRIERESCAL;0
7;Comptable;LISTE GLOBALE PASSAGERS;0
7;Comptable;LISTE GLOBALE PASSAGERS ESCAL;0
7;Comptable;MANIFEST COURRIER;1
7;Comptable;MANIFEST COURRIERESCAL;1
7;Comptable;MODIFICATION VERSEMENT COURRIER;0
7;Comptable;RECAP DEPENSE COURRIER;0
7;Comptable;RECAP DEPENSES COURRIER;0
7;Comptable;RECAP EX MENSUEL COURRIER;1
7;Comptable;RECAP EX MENSUEL COURRIERESCAL;1
7;Comptable;RECAP EX MENSUEL ESCAL;1
7;Comptable;RECAP GLOBAL COURRIER;0
7;Comptable;RECAP GLOBAL COURRIERESCAL;0
7;Comptable;TRI POUR ARCHIVER DES DONNEES;0
7;Comptable;TRI VERSEMENTS POUR MODIFICATION;0
7;Comptable;VERSEMENT COURRIER GUICHETIER;0
7;Comptable;COURRIER ESCAL;0
7;Comptable;VALIDER ARRIVER;0
7;Comptable;VALIDER ARRIVER ESCAL;0
7;Comptable;BON MILITAIRE;0
7;Comptable;CARTE DE VOYAGE;0
7;Comptable;FAIRE RECU;0
8;Confirmateur;RETOUR GARE;1
8;Confirmateur;RETOUR TICKET;0
8;Confirmateur;VOIR BORDEREAU BAGAGES(HISTORIQUE);0
8;Confirmateur;VOIR CAISSE;0
8;Confirmateur;VOIR CAISSE PRINCIPALE;0
8;Confirmateur;VOIR ETATS;1
8;Confirmateur;VOIR PROGRAMME;1
8;Confirmateur;VOIR REIMPRESSION;0
8;Confirmateur;PROGRAMME DE BUS;0
8;Confirmateur;REPROGRAMMER AUTRE TICKET;0
8;Confirmateur;REPROGRAMMER TICKET;0
8;Confirmateur;REPROGRAMMER TICKET GUICHET;0
8;Confirmateur;LISTES;1
8;Confirmateur;DEPARTS;1
8;Confirmateur;TARIFICATION;1
8;Confirmateur;STATUT_HEURE_GARE;1
8;Confirmateur;COMPTE;0
8;Confirmateur;COMPTE ESCAL;0
8;Confirmateur;COMPTEBAGAGE;0
8;Confirmateur;AUTRES VENTE;1
8;Confirmateur;BAGAGES AVEC TICKET NON FACTURER;0
8;Confirmateur;BROUILLARD(EXERCICE) TICKET;0
8;Confirmateur;BROUILLARD(EXERCICE)TICKET ESCAL;0
8;Confirmateur;CONFIRMER AUTRE TICKET;0
8;Confirmateur;CONFIRMER BON;0
8;Confirmateur;CONFIRMER CARTE;0
8;Confirmateur;CONFIRMER TICKET;1
8;Confirmateur;CONFIRMER TICKET GUICHET;0
8;Confirmateur;ETAT GLOBAL TICKET GUICHETIER;0
8;Confirmateur;ETAT GLOBAL TICKET GUICHETIER ESCAL;0
8;Confirmateur;EXERCICE MENSUEL TICKET GUICHETIER;0
8;Confirmateur;EXERCICE MENSUEL TICKET GUICHETIER ESCAL;0
8;Confirmateur;FACTURATION BAGAGES AVEC TICKET;0
8;Confirmateur;MANIFEST TICKET;0
8;Confirmateur;MANIFEST TICKET ESCAL;0
8;Confirmateur;RECAP EX MENSUEL TICKET;0
8;Confirmateur;RECAP GLOBAL TICKET;0
8;Confirmateur;RECAP GLOBAL TICKET ESCAL;0
8;Confirmateur;RECETTE GLOBALE TICKET;0
8;Confirmateur;RECETTE GLOBALE TICKET PAR GARE;0
8;Confirmateur;RECETTE PAR OPERATEUR TICKET;0
8;Confirmateur;RESERVATION;1
8;Confirmateur;TICKET;0
8;Confirmateur;TICKET CONFIRMER;0
8;Confirmateur;TICKET CONFIRMER DU JOUR;0
8;Confirmateur;VALIDER RESERVATION;0
8;Confirmateur;VENTE GUICHET;0
8;Confirmateur;VENTE MOBILE;0
8;Confirmateur;VENTE MOBILE ESCAL;0
8;Confirmateur;VENTE TICKET;0
8;Confirmateur;VERSEMENT TICKET GUICHETIER;0
8;Confirmateur;AUTRES FACTURATION BAGAGES;0
8;Confirmateur;BAGAGE;0
8;Confirmateur;BAGAGE ESCAL;0
8;Confirmateur;BAGAGES DECLARER;0
8;Confirmateur;BAGAGES ESCAL DECLARER;0
8;Confirmateur;BORDEREAU SUIVI BAGAGES;0
8;Confirmateur;BROUILLARD(EXERCICE) BAGAGE;0
8;Confirmateur;BROUILLARD(EXERCICE) BAGAGEESCAL;0
8;Confirmateur;DECLARATION BAGAGES;0
8;Confirmateur;DECLARATION BAGAGES ESCAL;0
8;Confirmateur;ETAT GLOBAL BAGAGE OPERATEUR;0
8;Confirmateur;ETAT GLOBAL BAGAGEESCAL OPERATEUR;0
8;Confirmateur;EXERCICE MENSUEL BAGAGE OPERATEUR;0
8;Confirmateur;EXERCICE MENSUEL BAGAGEESCAL OPERATEUR;0
8;Confirmateur;FACTURATION BAGAGES ENVOI;0
8;Confirmateur;MANIFEST BAGAGE;0
8;Confirmateur;MANIFEST BAGAGEESCAL;0
8;Confirmateur;MODIFICATION VERSEMENT BAGAGE;0
8;Confirmateur;RECAP EX MENSUEL BAGAGE;0
8;Confirmateur;RECAP EX MENSUEL BAGAGEESCAL;0
8;Confirmateur;RECAP GLOBAL BAGAGE;0
8;Confirmateur;RECAP GLOBAL BAGAGE ESCAL;0
8;Confirmateur;VERSEMENT BAGAGES;0
8;Confirmateur;ARCHIVER DONNEES COURRIER;0
8;Confirmateur;BROUILLARD(EXERCICE) COURRIER;0
8;Confirmateur;BROUILLARD(EXERCICE) COURRIERESCAL;0
8;Confirmateur;COURRIERS DECLARER;0
8;Confirmateur;COURRIERSESCAL DECLARER;0
8;Confirmateur;DECLARATION;0
8;Confirmateur;DECLARATION COURRIERS;0
8;Confirmateur;DECLARATION COURRIERSESCAL;0
8;Confirmateur;DECLARATION ESCAL;0
8;Confirmateur;DECLARER;0
8;Confirmateur;DECLARER ESCAL;0
8;Confirmateur;ETAT GLOBAL COURRIER GUICHETIER;0
8;Confirmateur;ETAT GLOBAL COURRIERESCAL GUICHETIER;0
8;Confirmateur;ETAT PASSAGERS;0
8;Confirmateur;EXERCICE LISTE COURRIER;0
8;Confirmateur;EXERCICE LISTE COURRIERESCAL;0
8;Confirmateur;EXERCICE LISTE PASSAGERS;0
8;Confirmateur;EXERCICE LISTE PASSAGERS ESCAL;0
8;Confirmateur;EXERCICE MENSUEL COURRIER GUICHETIER;0
8;Confirmateur;EXERCICE MENSUEL COURRIERESCAL GUICHETIER;0
8;Confirmateur;LISTE GLOBALE COURRIER;0
8;Confirmateur;LISTE GLOBALE COURRIERESCAL;0
8;Confirmateur;LISTE GLOBALE PASSAGERS;0
8;Confirmateur;LISTE GLOBALE PASSAGERS ESCAL;0
8;Confirmateur;MANIFEST COURRIER;0
8;Confirmateur;MANIFEST COURRIERESCAL;0
8;Confirmateur;MODIFICATION VERSEMENT COURRIER;0
8;Confirmateur;RECAP DEPENSE COURRIER;0
8;Confirmateur;RECAP DEPENSES COURRIER;0
8;Confirmateur;RECAP EX MENSUEL COURRIER;0
8;Confirmateur;RECAP EX MENSUEL COURRIERESCAL;0
8;Confirmateur;RECAP EX MENSUEL ESCAL;0
8;Confirmateur;RECAP GLOBAL COURRIER;0
8;Confirmateur;RECAP GLOBAL COURRIERESCAL;0
8;Confirmateur;TRI POUR ARCHIVER DES DONNEES;0
8;Confirmateur;TRI VERSEMENTS POUR MODIFICATION;0
8;Confirmateur;VERSEMENT COURRIER GUICHETIER;0
8;Confirmateur;COURRIER ESCAL;0
8;Confirmateur;VALIDER ARRIVER;0
8;Confirmateur;VALIDER ARRIVER ESCAL;0
8;Confirmateur;BON MILITAIRE;0
8;Confirmateur;CARTE DE VOYAGE;0
8;Confirmateur;FAIRE RECU;0
9;Config_RH;RETOUR GARE;1
9;Config_RH;RETOUR TICKET;0
9;Config_RH;VOIR BORDEREAU BAGAGES(HISTORIQUE);0
9;Config_RH;VOIR CAISSE;0
9;Config_RH;VOIR CAISSE PRINCIPALE;0
9;Config_RH;VOIR ETATS;0
9;Config_RH;VOIR PROGRAMME;1
9;Config_RH;VOIR REIMPRESSION;0
9;Config_RH;PROGRAMME DE BUS;0
9;Config_RH;REPROGRAMMER AUTRE TICKET;0
9;Config_RH;REPROGRAMMER TICKET;0
9;Config_RH;REPROGRAMMER TICKET GUICHET;0
9;Config_RH;LISTES;0
9;Config_RH;DEPARTS;0
9;Config_RH;TARIFICATION;0
9;Config_RH;STATUT_HEURE_GARE;0
9;Config_RH;COMPTE;0
9;Config_RH;COMPTE ESCAL;0
9;Config_RH;COMPTEBAGAGE;0
9;Config_RH;AUTRES VENTE;0
9;Config_RH;BAGAGES AVEC TICKET NON FACTURER;0
9;Config_RH;BROUILLARD(EXERCICE) TICKET;0
9;Config_RH;BROUILLARD(EXERCICE)TICKET ESCAL;0
9;Config_RH;CONFIRMER AUTRE TICKET;0
9;Config_RH;CONFIRMER BON;0
9;Config_RH;CONFIRMER CARTE;0
9;Config_RH;CONFIRMER TICKET;0
9;Config_RH;CONFIRMER TICKET GUICHET;0
9;Config_RH;ETAT GLOBAL TICKET GUICHETIER;0
9;Config_RH;ETAT GLOBAL TICKET GUICHETIER ESCAL;0
9;Config_RH;EXERCICE MENSUEL TICKET GUICHETIER;0
9;Config_RH;EXERCICE MENSUEL TICKET GUICHETIER ESCAL;0
9;Config_RH;FACTURATION BAGAGES AVEC TICKET;0
9;Config_RH;MANIFEST TICKET;0
9;Config_RH;MANIFEST TICKET ESCAL;0
9;Config_RH;RECAP EX MENSUEL TICKET;0
9;Config_RH;RECAP GLOBAL TICKET;0
9;Config_RH;RECAP GLOBAL TICKET ESCAL;0
9;Config_RH;RECETTE GLOBALE TICKET;0
9;Config_RH;RECETTE GLOBALE TICKET PAR GARE;0
9;Config_RH;RECETTE PAR OPERATEUR TICKET;0
9;Config_RH;RESERVATION;0
9;Config_RH;TICKET;0
9;Config_RH;TICKET CONFIRMER;0
9;Config_RH;TICKET CONFIRMER DU JOUR;0
9;Config_RH;VALIDER RESERVATION;0
9;Config_RH;VENTE GUICHET;0
9;Config_RH;VENTE MOBILE;0
9;Config_RH;VENTE MOBILE ESCAL;0
9;Config_RH;VENTE TICKET;0
9;Config_RH;VERSEMENT TICKET GUICHETIER;0
9;Config_RH;AUTRES FACTURATION BAGAGES;0
9;Config_RH;BAGAGE;0
9;Config_RH;BAGAGE ESCAL;0
9;Config_RH;BAGAGES DECLARER;0
9;Config_RH;BAGAGES ESCAL DECLARER;0
9;Config_RH;BORDEREAU SUIVI BAGAGES;0
9;Config_RH;BROUILLARD(EXERCICE) BAGAGE;0
9;Config_RH;BROUILLARD(EXERCICE) BAGAGEESCAL;0
9;Config_RH;DECLARATION BAGAGES;0
9;Config_RH;DECLARATION BAGAGES ESCAL;0
9;Config_RH;ETAT GLOBAL BAGAGE OPERATEUR;0
9;Config_RH;ETAT GLOBAL BAGAGEESCAL OPERATEUR;0
9;Config_RH;EXERCICE MENSUEL BAGAGE OPERATEUR;0
9;Config_RH;EXERCICE MENSUEL BAGAGEESCAL OPERATEUR;0
9;Config_RH;FACTURATION BAGAGES ENVOI;0
9;Config_RH;MANIFEST BAGAGE;0
9;Config_RH;MANIFEST BAGAGEESCAL;0
9;Config_RH;MODIFICATION VERSEMENT BAGAGE;0
9;Config_RH;RECAP EX MENSUEL BAGAGE;0
9;Config_RH;RECAP EX MENSUEL BAGAGEESCAL;0
9;Config_RH;RECAP GLOBAL BAGAGE;0
9;Config_RH;RECAP GLOBAL BAGAGE ESCAL;0
9;Config_RH;VERSEMENT BAGAGES;0
9;Config_RH;ARCHIVER DONNEES COURRIER;0
9;Config_RH;BROUILLARD(EXERCICE) COURRIER;0
9;Config_RH;BROUILLARD(EXERCICE) COURRIERESCAL;0
9;Config_RH;COURRIERS DECLARER;0
9;Config_RH;COURRIERSESCAL DECLARER;0
9;Config_RH;DECLARATION;0
9;Config_RH;DECLARATION COURRIERS;0
9;Config_RH;DECLARATION COURRIERSESCAL;0
9;Config_RH;DECLARATION ESCAL;0
9;Config_RH;DECLARER;0
9;Config_RH;DECLARER ESCAL;0
9;Config_RH;ETAT GLOBAL COURRIER GUICHETIER;0
9;Config_RH;ETAT GLOBAL COURRIERESCAL GUICHETIER;0
9;Config_RH;ETAT PASSAGERS;0
9;Config_RH;EXERCICE LISTE COURRIER;0
9;Config_RH;EXERCICE LISTE COURRIERESCAL;0
9;Config_RH;EXERCICE LISTE PASSAGERS;0
9;Config_RH;EXERCICE LISTE PASSAGERS ESCAL;0
9;Config_RH;EXERCICE MENSUEL COURRIER GUICHETIER;0
9;Config_RH;EXERCICE MENSUEL COURRIERESCAL GUICHETIER;0
9;Config_RH;LISTE GLOBALE COURRIER;0
9;Config_RH;LISTE GLOBALE COURRIERESCAL;0
9;Config_RH;LISTE GLOBALE PASSAGERS;0
9;Config_RH;LISTE GLOBALE PASSAGERS ESCAL;0
9;Config_RH;MANIFEST COURRIER;0
9;Config_RH;MANIFEST COURRIERESCAL;0
9;Config_RH;MODIFICATION VERSEMENT COURRIER;0
9;Config_RH;RECAP DEPENSE COURRIER;0
9;Config_RH;RECAP DEPENSES COURRIER;0
9;Config_RH;RECAP EX MENSUEL COURRIER;0
9;Config_RH;RECAP EX MENSUEL COURRIERESCAL;0
9;Config_RH;RECAP EX MENSUEL ESCAL;0
9;Config_RH;RECAP GLOBAL COURRIER;0
9;Config_RH;RECAP GLOBAL COURRIERESCAL;0
9;Config_RH;TRI POUR ARCHIVER DES DONNEES;0
9;Config_RH;TRI VERSEMENTS POUR MODIFICATION;0
9;Config_RH;VERSEMENT COURRIER GUICHETIER;0
9;Config_RH;COURRIER ESCAL;0
9;Config_RH;VALIDER ARRIVER;0
9;Config_RH;VALIDER ARRIVER ESCAL;0
9;Config_RH;BON MILITAIRE;0
9;Config_RH;CARTE DE VOYAGE;0
9;Config_RH;FAIRE RECU;0
10;Vente_mobile;RETOUR GARE;1
10;Vente_mobile;RETOUR TICKET;0
10;Vente_mobile;VOIR BORDEREAU BAGAGES(HISTORIQUE);0
10;Vente_mobile;VOIR CAISSE;0
10;Vente_mobile;VOIR CAISSE PRINCIPALE;0
10;Vente_mobile;VOIR ETATS;0
10;Vente_mobile;VOIR PROGRAMME;0
10;Vente_mobile;VOIR REIMPRESSION;0
10;Vente_mobile;PROGRAMME DE BUS;0
10;Vente_mobile;REPROGRAMMER AUTRE TICKET;0
10;Vente_mobile;REPROGRAMMER TICKET;0
10;Vente_mobile;REPROGRAMMER TICKET GUICHET;0
10;Vente_mobile;LISTES;0
10;Vente_mobile;DEPARTS;0
10;Vente_mobile;TARIFICATION;0
10;Vente_mobile;STATUT_HEURE_GARE;0
10;Vente_mobile;COMPTE;1
10;Vente_mobile;COMPTE ESCAL;0
10;Vente_mobile;COMPTEBAGAGE;0
10;Vente_mobile;AUTRES VENTE;0
10;Vente_mobile;BAGAGES AVEC TICKET NON FACTURER;0
10;Vente_mobile;BROUILLARD(EXERCICE) TICKET;0
10;Vente_mobile;BROUILLARD(EXERCICE)TICKET ESCAL;0
10;Vente_mobile;CONFIRMER AUTRE TICKET;0
10;Vente_mobile;CONFIRMER BON;0
10;Vente_mobile;CONFIRMER CARTE;0
10;Vente_mobile;CONFIRMER TICKET;0
10;Vente_mobile;CONFIRMER TICKET GUICHET;0
10;Vente_mobile;ETAT GLOBAL TICKET GUICHETIER;0
10;Vente_mobile;ETAT GLOBAL TICKET GUICHETIER ESCAL;0
10;Vente_mobile;EXERCICE MENSUEL TICKET GUICHETIER;0
10;Vente_mobile;EXERCICE MENSUEL TICKET GUICHETIER ESCAL;0
10;Vente_mobile;FACTURATION BAGAGES AVEC TICKET;0
10;Vente_mobile;MANIFEST TICKET;0
10;Vente_mobile;MANIFEST TICKET ESCAL;0
10;Vente_mobile;RECAP EX MENSUEL TICKET;0
10;Vente_mobile;RECAP GLOBAL TICKET;0
10;Vente_mobile;RECAP GLOBAL TICKET ESCAL;0
10;Vente_mobile;RECETTE GLOBALE TICKET;0
10;Vente_mobile;RECETTE GLOBALE TICKET PAR GARE;0
10;Vente_mobile;RECETTE PAR OPERATEUR TICKET;0
10;Vente_mobile;RESERVATION;0
10;Vente_mobile;TICKET;0
10;Vente_mobile;TICKET CONFIRMER;0
10;Vente_mobile;TICKET CONFIRMER DU JOUR;0
10;Vente_mobile;VALIDER RESERVATION;0
10;Vente_mobile;VENTE GUICHET;0
10;Vente_mobile;VENTE MOBILE;1
10;Vente_mobile;VENTE MOBILE ESCAL;0
10;Vente_mobile;VENTE TICKET;0
10;Vente_mobile;VERSEMENT TICKET GUICHETIER;0
10;Vente_mobile;AUTRES FACTURATION BAGAGES;0
10;Vente_mobile;BAGAGE;1
10;Vente_mobile;BAGAGE ESCAL;0
10;Vente_mobile;BAGAGES DECLARER;0
10;Vente_mobile;BAGAGES ESCAL DECLARER;0
10;Vente_mobile;BORDEREAU SUIVI BAGAGES;0
10;Vente_mobile;BROUILLARD(EXERCICE) BAGAGE;0
10;Vente_mobile;BROUILLARD(EXERCICE) BAGAGEESCAL;0
10;Vente_mobile;DECLARATION BAGAGES;0
10;Vente_mobile;DECLARATION BAGAGES ESCAL;0
10;Vente_mobile;ETAT GLOBAL BAGAGE OPERATEUR;0
10;Vente_mobile;ETAT GLOBAL BAGAGEESCAL OPERATEUR;0
10;Vente_mobile;EXERCICE MENSUEL BAGAGE OPERATEUR;0
10;Vente_mobile;EXERCICE MENSUEL BAGAGEESCAL OPERATEUR;0
10;Vente_mobile;FACTURATION BAGAGES ENVOI;0
10;Vente_mobile;MANIFEST BAGAGE;0
10;Vente_mobile;MANIFEST BAGAGEESCAL;0
10;Vente_mobile;MODIFICATION VERSEMENT BAGAGE;0
10;Vente_mobile;RECAP EX MENSUEL BAGAGE;0
10;Vente_mobile;RECAP EX MENSUEL BAGAGEESCAL;0
10;Vente_mobile;RECAP GLOBAL BAGAGE;0
10;Vente_mobile;RECAP GLOBAL BAGAGE ESCAL;0
10;Vente_mobile;VERSEMENT BAGAGES;0
10;Vente_mobile;ARCHIVER DONNEES COURRIER;0
10;Vente_mobile;BROUILLARD(EXERCICE) COURRIER;0
10;Vente_mobile;BROUILLARD(EXERCICE) COURRIERESCAL;0
10;Vente_mobile;COURRIERS DECLARER;0
10;Vente_mobile;COURRIERSESCAL DECLARER;0
10;Vente_mobile;DECLARATION;0
10;Vente_mobile;DECLARATION COURRIERS;0
10;Vente_mobile;DECLARATION COURRIERSESCAL;0
10;Vente_mobile;DECLARATION ESCAL;0
10;Vente_mobile;DECLARER;0
10;Vente_mobile;DECLARER ESCAL;0
10;Vente_mobile;ETAT GLOBAL COURRIER GUICHETIER;0
10;Vente_mobile;ETAT GLOBAL COURRIERESCAL GUICHETIER;0
10;Vente_mobile;ETAT PASSAGERS;0
10;Vente_mobile;EXERCICE LISTE COURRIER;0
10;Vente_mobile;EXERCICE LISTE COURRIERESCAL;0
10;Vente_mobile;EXERCICE LISTE PASSAGERS;0
10;Vente_mobile;EXERCICE LISTE PASSAGERS ESCAL;0
10;Vente_mobile;EXERCICE MENSUEL COURRIER GUICHETIER;0
10;Vente_mobile;EXERCICE MENSUEL COURRIERESCAL GUICHETIER;0
10;Vente_mobile;LISTE GLOBALE COURRIER;0
10;Vente_mobile;LISTE GLOBALE COURRIERESCAL;0
10;Vente_mobile;LISTE GLOBALE PASSAGERS;0
10;Vente_mobile;LISTE GLOBALE PASSAGERS ESCAL;0
10;Vente_mobile;MANIFEST COURRIER;0
10;Vente_mobile;MANIFEST COURRIERESCAL;0
10;Vente_mobile;MODIFICATION VERSEMENT COURRIER;0
10;Vente_mobile;RECAP DEPENSE COURRIER;0
10;Vente_mobile;RECAP DEPENSES COURRIER;0
10;Vente_mobile;RECAP EX MENSUEL COURRIER;0
10;Vente_mobile;RECAP EX MENSUEL COURRIERESCAL;0
10;Vente_mobile;RECAP EX MENSUEL ESCAL;0
10;Vente_mobile;RECAP GLOBAL COURRIER;0
10;Vente_mobile;RECAP GLOBAL COURRIERESCAL;0
10;Vente_mobile;TRI POUR ARCHIVER DES DONNEES;0
10;Vente_mobile;TRI VERSEMENTS POUR MODIFICATION;0
10;Vente_mobile;VERSEMENT COURRIER GUICHETIER;0
10;Vente_mobile;COURRIER ESCAL;0
10;Vente_mobile;VALIDER ARRIVER;0
10;Vente_mobile;VALIDER ARRIVER ESCAL;0
10;Vente_mobile;BON MILITAIRE;0
10;Vente_mobile;CARTE DE VOYAGE;0
10;Vente_mobile;FAIRE RECU;0
11;Carte_voyage;RETOUR GARE;1
11;Carte_voyage;RETOUR TICKET;0
11;Carte_voyage;VOIR BORDEREAU BAGAGES(HISTORIQUE);0
11;Carte_voyage;VOIR CAISSE;0
11;Carte_voyage;VOIR CAISSE PRINCIPALE;0
11;Carte_voyage;VOIR ETATS;0
11;Carte_voyage;VOIR PROGRAMME;0
11;Carte_voyage;VOIR REIMPRESSION;0
11;Carte_voyage;PROGRAMME DE BUS;0
11;Carte_voyage;REPROGRAMMER AUTRE TICKET;0
11;Carte_voyage;REPROGRAMMER TICKET;0
11;Carte_voyage;REPROGRAMMER TICKET GUICHET;0
11;Carte_voyage;LISTES;0
11;Carte_voyage;DEPARTS;0
11;Carte_voyage;TARIFICATION;0
11;Carte_voyage;STATUT_HEURE_GARE;0
11;Carte_voyage;COMPTE;0
11;Carte_voyage;COMPTE ESCAL;0
11;Carte_voyage;COMPTEBAGAGE;0
11;Carte_voyage;AUTRES VENTE;1
11;Carte_voyage;BAGAGES AVEC TICKET NON FACTURER;0
11;Carte_voyage;BROUILLARD(EXERCICE) TICKET;0
11;Carte_voyage;BROUILLARD(EXERCICE)TICKET ESCAL;0
11;Carte_voyage;CONFIRMER AUTRE TICKET;0
11;Carte_voyage;CONFIRMER BON;0
11;Carte_voyage;CONFIRMER CARTE;0
11;Carte_voyage;CONFIRMER TICKET;0
11;Carte_voyage;CONFIRMER TICKET GUICHET;0
11;Carte_voyage;ETAT GLOBAL TICKET GUICHETIER;0
11;Carte_voyage;ETAT GLOBAL TICKET GUICHETIER ESCAL;0
11;Carte_voyage;EXERCICE MENSUEL TICKET GUICHETIER;0
11;Carte_voyage;EXERCICE MENSUEL TICKET GUICHETIER ESCAL;0
11;Carte_voyage;FACTURATION BAGAGES AVEC TICKET;0
11;Carte_voyage;MANIFEST TICKET;0
11;Carte_voyage;MANIFEST TICKET ESCAL;0
11;Carte_voyage;RECAP EX MENSUEL TICKET;0
11;Carte_voyage;RECAP GLOBAL TICKET;0
11;Carte_voyage;RECAP GLOBAL TICKET ESCAL;0
11;Carte_voyage;RECETTE GLOBALE TICKET;0
11;Carte_voyage;RECETTE GLOBALE TICKET PAR GARE;0
11;Carte_voyage;RECETTE PAR OPERATEUR TICKET;0
11;Carte_voyage;RESERVATION;0
11;Carte_voyage;TICKET;0
11;Carte_voyage;TICKET CONFIRMER;0
11;Carte_voyage;TICKET CONFIRMER DU JOUR;0
11;Carte_voyage;VALIDER RESERVATION;0
11;Carte_voyage;VENTE GUICHET;0
11;Carte_voyage;VENTE MOBILE;0
11;Carte_voyage;VENTE MOBILE ESCAL;0
11;Carte_voyage;VENTE TICKET;0
11;Carte_voyage;VERSEMENT TICKET GUICHETIER;0
11;Carte_voyage;AUTRES FACTURATION BAGAGES;0
11;Carte_voyage;BAGAGE;0
11;Carte_voyage;BAGAGE ESCAL;0
11;Carte_voyage;BAGAGES DECLARER;0
11;Carte_voyage;BAGAGES ESCAL DECLARER;0
11;Carte_voyage;BORDEREAU SUIVI BAGAGES;0
11;Carte_voyage;BROUILLARD(EXERCICE) BAGAGE;0
11;Carte_voyage;BROUILLARD(EXERCICE) BAGAGEESCAL;0
11;Carte_voyage;DECLARATION BAGAGES;0
11;Carte_voyage;DECLARATION BAGAGES ESCAL;0
11;Carte_voyage;ETAT GLOBAL BAGAGE OPERATEUR;0
11;Carte_voyage;ETAT GLOBAL BAGAGEESCAL OPERATEUR;0
11;Carte_voyage;EXERCICE MENSUEL BAGAGE OPERATEUR;0
11;Carte_voyage;EXERCICE MENSUEL BAGAGEESCAL OPERATEUR;0
11;Carte_voyage;FACTURATION BAGAGES ENVOI;0
11;Carte_voyage;MANIFEST BAGAGE;0
11;Carte_voyage;MANIFEST BAGAGEESCAL;0
11;Carte_voyage;MODIFICATION VERSEMENT BAGAGE;0
11;Carte_voyage;RECAP EX MENSUEL BAGAGE;0
11;Carte_voyage;RECAP EX MENSUEL BAGAGEESCAL;0
11;Carte_voyage;RECAP GLOBAL BAGAGE;0
11;Carte_voyage;RECAP GLOBAL BAGAGE ESCAL;0
11;Carte_voyage;VERSEMENT BAGAGES;0
11;Carte_voyage;ARCHIVER DONNEES COURRIER;0
11;Carte_voyage;BROUILLARD(EXERCICE) COURRIER;0
11;Carte_voyage;BROUILLARD(EXERCICE) COURRIERESCAL;0
11;Carte_voyage;COURRIERS DECLARER;0
11;Carte_voyage;COURRIERSESCAL DECLARER;0
11;Carte_voyage;DECLARATION;0
11;Carte_voyage;DECLARATION COURRIERS;0
11;Carte_voyage;DECLARATION COURRIERSESCAL;0
11;Carte_voyage;DECLARATION ESCAL;0
11;Carte_voyage;DECLARER;0
11;Carte_voyage;DECLARER ESCAL;0
11;Carte_voyage;ETAT GLOBAL COURRIER GUICHETIER;0
11;Carte_voyage;ETAT GLOBAL COURRIERESCAL GUICHETIER;0
11;Carte_voyage;ETAT PASSAGERS;0
11;Carte_voyage;EXERCICE LISTE COURRIER;0
11;Carte_voyage;EXERCICE LISTE COURRIERESCAL;0
11;Carte_voyage;EXERCICE LISTE PASSAGERS;0
11;Carte_voyage;EXERCICE LISTE PASSAGERS ESCAL;0
11;Carte_voyage;EXERCICE MENSUEL COURRIER GUICHETIER;0
11;Carte_voyage;EXERCICE MENSUEL COURRIERESCAL GUICHETIER;0
11;Carte_voyage;LISTE GLOBALE COURRIER;0
11;Carte_voyage;LISTE GLOBALE COURRIERESCAL;0
11;Carte_voyage;LISTE GLOBALE PASSAGERS;0
11;Carte_voyage;LISTE GLOBALE PASSAGERS ESCAL;0
11;Carte_voyage;MANIFEST COURRIER;0
11;Carte_voyage;MANIFEST COURRIERESCAL;0
11;Carte_voyage;MODIFICATION VERSEMENT COURRIER;0
11;Carte_voyage;RECAP DEPENSE COURRIER;0
11;Carte_voyage;RECAP DEPENSES COURRIER;0
11;Carte_voyage;RECAP EX MENSUEL COURRIER;0
11;Carte_voyage;RECAP EX MENSUEL COURRIERESCAL;0
11;Carte_voyage;RECAP EX MENSUEL ESCAL;0
11;Carte_voyage;RECAP GLOBAL COURRIER;0
11;Carte_voyage;RECAP GLOBAL COURRIERESCAL;0
11;Carte_voyage;TRI POUR ARCHIVER DES DONNEES;0
11;Carte_voyage;TRI VERSEMENTS POUR MODIFICATION;0
11;Carte_voyage;VERSEMENT COURRIER GUICHETIER;0
11;Carte_voyage;COURRIER ESCAL;0
11;Carte_voyage;VALIDER ARRIVER;0
11;Carte_voyage;VALIDER ARRIVER ESCAL;0
11;Carte_voyage;BON MILITAIRE;0
11;Carte_voyage;CARTE DE VOYAGE;1
11;Carte_voyage;FAIRE RECU;0
12;Bagagiste;RETOUR GARE;1
12;Bagagiste;RETOUR TICKET;0
12;Bagagiste;VOIR BORDEREAU BAGAGES(HISTORIQUE);1
12;Bagagiste;VOIR CAISSE;0
12;Bagagiste;VOIR CAISSE PRINCIPALE;0
12;Bagagiste;VOIR ETATS;0
12;Bagagiste;VOIR PROGRAMME;0
12;Bagagiste;VOIR REIMPRESSION;0
12;Bagagiste;PROGRAMME DE BUS;0
12;Bagagiste;REPROGRAMMER AUTRE TICKET;0
12;Bagagiste;REPROGRAMMER TICKET;0
12;Bagagiste;REPROGRAMMER TICKET GUICHET;0
12;Bagagiste;LISTES;0
12;Bagagiste;DEPARTS;0
12;Bagagiste;TARIFICATION;0
12;Bagagiste;STATUT_HEURE_GARE;0
12;Bagagiste;COMPTE;1
12;Bagagiste;COMPTE ESCAL;0
12;Bagagiste;COMPTEBAGAGE;0
12;Bagagiste;AUTRES VENTE;0
12;Bagagiste;BAGAGES AVEC TICKET NON FACTURER;1
12;Bagagiste;BROUILLARD(EXERCICE) TICKET;0
12;Bagagiste;BROUILLARD(EXERCICE)TICKET ESCAL;0
12;Bagagiste;CONFIRMER AUTRE TICKET;0
12;Bagagiste;CONFIRMER BON;0
12;Bagagiste;CONFIRMER CARTE;0
12;Bagagiste;CONFIRMER TICKET;0
12;Bagagiste;CONFIRMER TICKET GUICHET;0
12;Bagagiste;ETAT GLOBAL TICKET GUICHETIER;0
12;Bagagiste;ETAT GLOBAL TICKET GUICHETIER ESCAL;0
12;Bagagiste;EXERCICE MENSUEL TICKET GUICHETIER;0
12;Bagagiste;EXERCICE MENSUEL TICKET GUICHETIER ESCAL;0
12;Bagagiste;FACTURATION BAGAGES AVEC TICKET;1
12;Bagagiste;MANIFEST TICKET;0
12;Bagagiste;MANIFEST TICKET ESCAL;0
12;Bagagiste;RECAP EX MENSUEL TICKET;0
12;Bagagiste;RECAP GLOBAL TICKET;0
12;Bagagiste;RECAP GLOBAL TICKET ESCAL;0
12;Bagagiste;RECETTE GLOBALE TICKET;0
12;Bagagiste;RECETTE GLOBALE TICKET PAR GARE;0
12;Bagagiste;RECETTE PAR OPERATEUR TICKET;0
12;Bagagiste;RESERVATION;0
12;Bagagiste;TICKET;0
12;Bagagiste;TICKET CONFIRMER;0
12;Bagagiste;TICKET CONFIRMER DU JOUR;0
12;Bagagiste;VALIDER RESERVATION;0
12;Bagagiste;VENTE GUICHET;0
12;Bagagiste;VENTE MOBILE;0
12;Bagagiste;VENTE MOBILE ESCAL;0
12;Bagagiste;VENTE TICKET;0
12;Bagagiste;VERSEMENT TICKET GUICHETIER;0
12;Bagagiste;AUTRES FACTURATION BAGAGES;1
12;Bagagiste;BAGAGE;0
12;Bagagiste;BAGAGE ESCAL;0
12;Bagagiste;BAGAGES DECLARER;0
12;Bagagiste;BAGAGES ESCAL DECLARER;0
12;Bagagiste;BORDEREAU SUIVI BAGAGES;1
12;Bagagiste;BROUILLARD(EXERCICE) BAGAGE;0
12;Bagagiste;BROUILLARD(EXERCICE) BAGAGEESCAL;0
12;Bagagiste;DECLARATION BAGAGES;0
12;Bagagiste;DECLARATION BAGAGES ESCAL;0
12;Bagagiste;ETAT GLOBAL BAGAGE OPERATEUR;0
12;Bagagiste;ETAT GLOBAL BAGAGEESCAL OPERATEUR;0
12;Bagagiste;EXERCICE MENSUEL BAGAGE OPERATEUR;0
12;Bagagiste;EXERCICE MENSUEL BAGAGEESCAL OPERATEUR;0
12;Bagagiste;FACTURATION BAGAGES ENVOI;1
12;Bagagiste;MANIFEST BAGAGE;0
12;Bagagiste;MANIFEST BAGAGEESCAL;0
12;Bagagiste;MODIFICATION VERSEMENT BAGAGE;0
12;Bagagiste;RECAP EX MENSUEL BAGAGE;0
12;Bagagiste;RECAP EX MENSUEL BAGAGEESCAL;0
12;Bagagiste;RECAP GLOBAL BAGAGE;0
12;Bagagiste;RECAP GLOBAL BAGAGE ESCAL;0
12;Bagagiste;VERSEMENT BAGAGES;0
12;Bagagiste;ARCHIVER DONNEES COURRIER;0
12;Bagagiste;BROUILLARD(EXERCICE) COURRIER;0
12;Bagagiste;BROUILLARD(EXERCICE) COURRIERESCAL;0
12;Bagagiste;COURRIERS DECLARER;0
12;Bagagiste;COURRIERSESCAL DECLARER;0
12;Bagagiste;DECLARATION;0
12;Bagagiste;DECLARATION COURRIERS;0
12;Bagagiste;DECLARATION COURRIERSESCAL;0
12;Bagagiste;DECLARATION ESCAL;0
12;Bagagiste;DECLARER;0
12;Bagagiste;DECLARER ESCAL;0
12;Bagagiste;ETAT GLOBAL COURRIER GUICHETIER;0
12;Bagagiste;ETAT GLOBAL COURRIERESCAL GUICHETIER;0
12;Bagagiste;ETAT PASSAGERS;0
12;Bagagiste;EXERCICE LISTE COURRIER;0
12;Bagagiste;EXERCICE LISTE COURRIERESCAL;0
12;Bagagiste;EXERCICE LISTE PASSAGERS;0
12;Bagagiste;EXERCICE LISTE PASSAGERS ESCAL;0
12;Bagagiste;EXERCICE MENSUEL COURRIER GUICHETIER;0
12;Bagagiste;EXERCICE MENSUEL COURRIERESCAL GUICHETIER;0
12;Bagagiste;LISTE GLOBALE COURRIER;0
12;Bagagiste;LISTE GLOBALE COURRIERESCAL;0
12;Bagagiste;LISTE GLOBALE PASSAGERS;0
12;Bagagiste;LISTE GLOBALE PASSAGERS ESCAL;0
12;Bagagiste;MANIFEST COURRIER;0
12;Bagagiste;MANIFEST COURRIERESCAL;0
12;Bagagiste;MODIFICATION VERSEMENT COURRIER;0
12;Bagagiste;RECAP DEPENSE COURRIER;0
12;Bagagiste;RECAP DEPENSES COURRIER;0
12;Bagagiste;RECAP EX MENSUEL COURRIER;0
12;Bagagiste;RECAP EX MENSUEL COURRIERESCAL;0
12;Bagagiste;RECAP EX MENSUEL ESCAL;0
12;Bagagiste;RECAP GLOBAL COURRIER;0
12;Bagagiste;RECAP GLOBAL COURRIERESCAL;0
12;Bagagiste;TRI POUR ARCHIVER DES DONNEES;0
12;Bagagiste;TRI VERSEMENTS POUR MODIFICATION;0
12;Bagagiste;VERSEMENT COURRIER GUICHETIER;0
12;Bagagiste;COURRIER ESCAL;0
12;Bagagiste;VALIDER ARRIVER;0
12;Bagagiste;VALIDER ARRIVER ESCAL;0
12;Bagagiste;BON MILITAIRE;0
12;Bagagiste;CARTE DE VOYAGE;0
12;Bagagiste;FAIRE RECU;0
13;Caisse_globale;RETOUR GARE;1
13;Caisse_globale;RETOUR TICKET;0
13;Caisse_globale;VOIR BORDEREAU BAGAGES(HISTORIQUE);0
13;Caisse_globale;VOIR CAISSE;0
13;Caisse_globale;VOIR CAISSE PRINCIPALE;1
13;Caisse_globale;VOIR ETATS;0
13;Caisse_globale;VOIR PROGRAMME;0
13;Caisse_globale;VOIR REIMPRESSION;0
13;Caisse_globale;PROGRAMME DE BUS;0
13;Caisse_globale;REPROGRAMMER AUTRE TICKET;0
13;Caisse_globale;REPROGRAMMER TICKET;0
13;Caisse_globale;REPROGRAMMER TICKET GUICHET;0
13;Caisse_globale;LISTES;0
13;Caisse_globale;DEPARTS;0
13;Caisse_globale;TARIFICATION;0
13;Caisse_globale;STATUT_HEURE_GARE;0
13;Caisse_globale;COMPTE;0
13;Caisse_globale;COMPTE ESCAL;0
13;Caisse_globale;COMPTEBAGAGE;0
13;Caisse_globale;AUTRES VENTE;0
13;Caisse_globale;BAGAGES AVEC TICKET NON FACTURER;0
13;Caisse_globale;BROUILLARD(EXERCICE) TICKET;0
13;Caisse_globale;BROUILLARD(EXERCICE)TICKET ESCAL;0
13;Caisse_globale;CONFIRMER AUTRE TICKET;0
13;Caisse_globale;CONFIRMER BON;0
13;Caisse_globale;CONFIRMER CARTE;0
13;Caisse_globale;CONFIRMER TICKET;0
13;Caisse_globale;CONFIRMER TICKET GUICHET;0
13;Caisse_globale;ETAT GLOBAL TICKET GUICHETIER;1
13;Caisse_globale;ETAT GLOBAL TICKET GUICHETIER ESCAL;1
13;Caisse_globale;EXERCICE MENSUEL TICKET GUICHETIER;0
13;Caisse_globale;EXERCICE MENSUEL TICKET GUICHETIER ESCAL;0
13;Caisse_globale;FACTURATION BAGAGES AVEC TICKET;0
13;Caisse_globale;MANIFEST TICKET;0
13;Caisse_globale;MANIFEST TICKET ESCAL;0
13;Caisse_globale;RECAP EX MENSUEL TICKET;0
13;Caisse_globale;RECAP GLOBAL TICKET;1
13;Caisse_globale;RECAP GLOBAL TICKET ESCAL;1
13;Caisse_globale;RECETTE GLOBALE TICKET;1
13;Caisse_globale;RECETTE GLOBALE TICKET PAR GARE;1
13;Caisse_globale;RECETTE PAR OPERATEUR TICKET;0
13;Caisse_globale;RESERVATION;0
13;Caisse_globale;TICKET;0
13;Caisse_globale;TICKET CONFIRMER;0
13;Caisse_globale;TICKET CONFIRMER DU JOUR;0
13;Caisse_globale;VALIDER RESERVATION;0
13;Caisse_globale;VENTE GUICHET;0
13;Caisse_globale;VENTE MOBILE;0
13;Caisse_globale;VENTE MOBILE ESCAL;0
13;Caisse_globale;VENTE TICKET;0
13;Caisse_globale;VERSEMENT TICKET GUICHETIER;1
13;Caisse_globale;AUTRES FACTURATION BAGAGES;0
13;Caisse_globale;BAGAGE;0
13;Caisse_globale;BAGAGE ESCAL;0
13;Caisse_globale;BAGAGES DECLARER;0
13;Caisse_globale;BAGAGES ESCAL DECLARER;0
13;Caisse_globale;BORDEREAU SUIVI BAGAGES;0
13;Caisse_globale;BROUILLARD(EXERCICE) BAGAGE;0
13;Caisse_globale;BROUILLARD(EXERCICE) BAGAGEESCAL;0
13;Caisse_globale;DECLARATION BAGAGES;0
13;Caisse_globale;DECLARATION BAGAGES ESCAL;0
13;Caisse_globale;ETAT GLOBAL BAGAGE OPERATEUR;1
13;Caisse_globale;ETAT GLOBAL BAGAGEESCAL OPERATEUR;1
13;Caisse_globale;EXERCICE MENSUEL BAGAGE OPERATEUR;0
13;Caisse_globale;EXERCICE MENSUEL BAGAGEESCAL OPERATEUR;0
13;Caisse_globale;FACTURATION BAGAGES ENVOI;0
13;Caisse_globale;MANIFEST BAGAGE;0
13;Caisse_globale;MANIFEST BAGAGEESCAL;0
13;Caisse_globale;MODIFICATION VERSEMENT BAGAGE;0
13;Caisse_globale;RECAP EX MENSUEL BAGAGE;0
13;Caisse_globale;RECAP EX MENSUEL BAGAGEESCAL;0
13;Caisse_globale;RECAP GLOBAL BAGAGE;1
13;Caisse_globale;RECAP GLOBAL BAGAGE ESCAL;1
13;Caisse_globale;VERSEMENT BAGAGES;1
13;Caisse_globale;ARCHIVER DONNEES COURRIER;0
13;Caisse_globale;BROUILLARD(EXERCICE) COURRIER;0
13;Caisse_globale;BROUILLARD(EXERCICE) COURRIERESCAL;0
13;Caisse_globale;COURRIERS DECLARER;0
13;Caisse_globale;COURRIERSESCAL DECLARER;0
13;Caisse_globale;DECLARATION;0
13;Caisse_globale;DECLARATION COURRIERS;0
13;Caisse_globale;DECLARATION COURRIERSESCAL;0
13;Caisse_globale;DECLARATION ESCAL;0
13;Caisse_globale;DECLARER;0
13;Caisse_globale;DECLARER ESCAL;0
13;Caisse_globale;ETAT GLOBAL COURRIER GUICHETIER;1
13;Caisse_globale;ETAT GLOBAL COURRIERESCAL GUICHETIER;1
13;Caisse_globale;ETAT PASSAGERS;1
13;Caisse_globale;EXERCICE LISTE COURRIER;0
13;Caisse_globale;EXERCICE LISTE COURRIERESCAL;0
13;Caisse_globale;EXERCICE LISTE PASSAGERS;0
13;Caisse_globale;EXERCICE LISTE PASSAGERS ESCAL;0
13;Caisse_globale;EXERCICE MENSUEL COURRIER GUICHETIER;0
13;Caisse_globale;EXERCICE MENSUEL COURRIERESCAL GUICHETIER;0
13;Caisse_globale;LISTE GLOBALE COURRIER;1
13;Caisse_globale;LISTE GLOBALE COURRIERESCAL;1
13;Caisse_globale;LISTE GLOBALE PASSAGERS;1
13;Caisse_globale;LISTE GLOBALE PASSAGERS ESCAL;1
13;Caisse_globale;MANIFEST COURRIER;0
13;Caisse_globale;MANIFEST COURRIERESCAL;0
13;Caisse_globale;MODIFICATION VERSEMENT COURRIER;0
13;Caisse_globale;RECAP DEPENSE COURRIER;0
13;Caisse_globale;RECAP DEPENSES COURRIER;1
13;Caisse_globale;RECAP EX MENSUEL COURRIER;0
13;Caisse_globale;RECAP EX MENSUEL COURRIERESCAL;0
13;Caisse_globale;RECAP EX MENSUEL ESCAL;0
13;Caisse_globale;RECAP GLOBAL COURRIER;1
13;Caisse_globale;RECAP GLOBAL COURRIERESCAL;1
13;Caisse_globale;TRI POUR ARCHIVER DES DONNEES;0
13;Caisse_globale;TRI VERSEMENTS POUR MODIFICATION;0
13;Caisse_globale;VERSEMENT COURRIER GUICHETIER;1
13;Caisse_globale;COURRIER ESCAL;0
13;Caisse_globale;VALIDER ARRIVER;0
13;Caisse_globale;VALIDER ARRIVER ESCAL;0
13;Caisse_globale;BON MILITAIRE;0
13;Caisse_globale;CARTE DE VOYAGE;0
13;Caisse_globale;FAIRE RECU;0
14;Caisse_globale_allégé;RETOUR GARE;1
14;Caisse_globale_allégé;RETOUR TICKET;0
14;Caisse_globale_allégé;VOIR BORDEREAU BAGAGES(HISTORIQUE);0
14;Caisse_globale_allégé;VOIR CAISSE;0
14;Caisse_globale_allégé;VOIR CAISSE PRINCIPALE;1
14;Caisse_globale_allégé;VOIR ETATS;0
14;Caisse_globale_allégé;VOIR PROGRAMME;0
14;Caisse_globale_allégé;VOIR REIMPRESSION;0
14;Caisse_globale_allégé;PROGRAMME DE BUS;0
14;Caisse_globale_allégé;REPROGRAMMER AUTRE TICKET;0
14;Caisse_globale_allégé;REPROGRAMMER TICKET;0
14;Caisse_globale_allégé;REPROGRAMMER TICKET GUICHET;0
14;Caisse_globale_allégé;LISTES;0
14;Caisse_globale_allégé;DEPARTS;0
14;Caisse_globale_allégé;TARIFICATION;0
14;Caisse_globale_allégé;STATUT_HEURE_GARE;0
14;Caisse_globale_allégé;COMPTE;0
14;Caisse_globale_allégé;COMPTE ESCAL;0
14;Caisse_globale_allégé;COMPTEBAGAGE;0
14;Caisse_globale_allégé;AUTRES VENTE;0
14;Caisse_globale_allégé;BAGAGES AVEC TICKET NON FACTURER;0
14;Caisse_globale_allégé;BROUILLARD(EXERCICE) TICKET;0
14;Caisse_globale_allégé;BROUILLARD(EXERCICE)TICKET ESCAL;0
14;Caisse_globale_allégé;CONFIRMER AUTRE TICKET;0
14;Caisse_globale_allégé;CONFIRMER BON;0
14;Caisse_globale_allégé;CONFIRMER CARTE;0
14;Caisse_globale_allégé;CONFIRMER TICKET;0
14;Caisse_globale_allégé;CONFIRMER TICKET GUICHET;0
14;Caisse_globale_allégé;ETAT GLOBAL TICKET GUICHETIER;1
14;Caisse_globale_allégé;ETAT GLOBAL TICKET GUICHETIER ESCAL;1
14;Caisse_globale_allégé;EXERCICE MENSUEL TICKET GUICHETIER;0
14;Caisse_globale_allégé;EXERCICE MENSUEL TICKET GUICHETIER ESCAL;0
14;Caisse_globale_allégé;FACTURATION BAGAGES AVEC TICKET;0
14;Caisse_globale_allégé;MANIFEST TICKET;0
14;Caisse_globale_allégé;MANIFEST TICKET ESCAL;0
14;Caisse_globale_allégé;RECAP EX MENSUEL TICKET;0
14;Caisse_globale_allégé;RECAP GLOBAL TICKET;1
14;Caisse_globale_allégé;RECAP GLOBAL TICKET ESCAL;1
14;Caisse_globale_allégé;RECETTE GLOBALE TICKET;1
14;Caisse_globale_allégé;RECETTE GLOBALE TICKET PAR GARE;1
14;Caisse_globale_allégé;RECETTE PAR OPERATEUR TICKET;0
14;Caisse_globale_allégé;RESERVATION;0
14;Caisse_globale_allégé;TICKET;0
14;Caisse_globale_allégé;TICKET CONFIRMER;0
14;Caisse_globale_allégé;TICKET CONFIRMER DU JOUR;0
14;Caisse_globale_allégé;VALIDER RESERVATION;0
14;Caisse_globale_allégé;VENTE GUICHET;0
14;Caisse_globale_allégé;VENTE MOBILE;0
14;Caisse_globale_allégé;VENTE MOBILE ESCAL;0
14;Caisse_globale_allégé;VENTE TICKET;0
14;Caisse_globale_allégé;VERSEMENT TICKET GUICHETIER;1
14;Caisse_globale_allégé;AUTRES FACTURATION BAGAGES;0
14;Caisse_globale_allégé;BAGAGE;0
14;Caisse_globale_allégé;BAGAGE ESCAL;0
14;Caisse_globale_allégé;BAGAGES DECLARER;0
14;Caisse_globale_allégé;BAGAGES ESCAL DECLARER;0
14;Caisse_globale_allégé;BORDEREAU SUIVI BAGAGES;0
14;Caisse_globale_allégé;BROUILLARD(EXERCICE) BAGAGE;0
14;Caisse_globale_allégé;BROUILLARD(EXERCICE) BAGAGEESCAL;0
14;Caisse_globale_allégé;DECLARATION BAGAGES;0
14;Caisse_globale_allégé;DECLARATION BAGAGES ESCAL;0
14;Caisse_globale_allégé;ETAT GLOBAL BAGAGE OPERATEUR;1
14;Caisse_globale_allégé;ETAT GLOBAL BAGAGEESCAL OPERATEUR;1
14;Caisse_globale_allégé;EXERCICE MENSUEL BAGAGE OPERATEUR;0
14;Caisse_globale_allégé;EXERCICE MENSUEL BAGAGEESCAL OPERATEUR;0
14;Caisse_globale_allégé;FACTURATION BAGAGES ENVOI;0
14;Caisse_globale_allégé;MANIFEST BAGAGE;0
14;Caisse_globale_allégé;MANIFEST BAGAGEESCAL;0
14;Caisse_globale_allégé;MODIFICATION VERSEMENT BAGAGE;0
14;Caisse_globale_allégé;RECAP EX MENSUEL BAGAGE;0
14;Caisse_globale_allégé;RECAP EX MENSUEL BAGAGEESCAL;0
14;Caisse_globale_allégé;RECAP GLOBAL BAGAGE;1
14;Caisse_globale_allégé;RECAP GLOBAL BAGAGE ESCAL;1
14;Caisse_globale_allégé;VERSEMENT BAGAGES;1
14;Caisse_globale_allégé;ARCHIVER DONNEES COURRIER;0
14;Caisse_globale_allégé;BROUILLARD(EXERCICE) COURRIER;0
14;Caisse_globale_allégé;BROUILLARD(EXERCICE) COURRIERESCAL;0
14;Caisse_globale_allégé;COURRIERS DECLARER;0
14;Caisse_globale_allégé;COURRIERSESCAL DECLARER;0
14;Caisse_globale_allégé;DECLARATION;0
14;Caisse_globale_allégé;DECLARATION COURRIERS;0
14;Caisse_globale_allégé;DECLARATION COURRIERSESCAL;0
14;Caisse_globale_allégé;DECLARATION ESCAL;0
14;Caisse_globale_allégé;DECLARER;0
14;Caisse_globale_allégé;DECLARER ESCAL;0
14;Caisse_globale_allégé;ETAT GLOBAL COURRIER GUICHETIER;1
14;Caisse_globale_allégé;ETAT GLOBAL COURRIERESCAL GUICHETIER;1
14;Caisse_globale_allégé;ETAT PASSAGERS;0
14;Caisse_globale_allégé;EXERCICE LISTE COURRIER;0
14;Caisse_globale_allégé;EXERCICE LISTE COURRIERESCAL;0
14;Caisse_globale_allégé;EXERCICE LISTE PASSAGERS;0
14;Caisse_globale_allégé;EXERCICE LISTE PASSAGERS ESCAL;0
14;Caisse_globale_allégé;EXERCICE MENSUEL COURRIER GUICHETIER;0
14;Caisse_globale_allégé;EXERCICE MENSUEL COURRIERESCAL GUICHETIER;0
14;Caisse_globale_allégé;LISTE GLOBALE COURRIER;1
14;Caisse_globale_allégé;LISTE GLOBALE COURRIERESCAL;1
14;Caisse_globale_allégé;LISTE GLOBALE PASSAGERS;1
14;Caisse_globale_allégé;LISTE GLOBALE PASSAGERS ESCAL;1
14;Caisse_globale_allégé;MANIFEST COURRIER;0
14;Caisse_globale_allégé;MANIFEST COURRIERESCAL;0
14;Caisse_globale_allégé;MODIFICATION VERSEMENT COURRIER;0
14;Caisse_globale_allégé;RECAP DEPENSE COURRIER;0
14;Caisse_globale_allégé;RECAP DEPENSES COURRIER;1
14;Caisse_globale_allégé;RECAP EX MENSUEL COURRIER;0
14;Caisse_globale_allégé;RECAP EX MENSUEL COURRIERESCAL;0
14;Caisse_globale_allégé;RECAP EX MENSUEL ESCAL;0
14;Caisse_globale_allégé;RECAP GLOBAL COURRIER;1
14;Caisse_globale_allégé;RECAP GLOBAL COURRIERESCAL;1
14;Caisse_globale_allégé;TRI POUR ARCHIVER DES DONNEES;0
14;Caisse_globale_allégé;TRI VERSEMENTS POUR MODIFICATION;0
14;Caisse_globale_allégé;VERSEMENT COURRIER GUICHETIER;1
14;Caisse_globale_allégé;COURRIER ESCAL;0
14;Caisse_globale_allégé;VALIDER ARRIVER;0
14;Caisse_globale_allégé;VALIDER ARRIVER ESCAL;0
14;Caisse_globale_allégé;BON MILITAIRE;0
14;Caisse_globale_allégé;CARTE DE VOYAGE;0
14;Caisse_globale_allégé;FAIRE RECU;0
15;ChefGuichet_allégé;RETOUR GARE;1
15;ChefGuichet_allégé;RETOUR TICKET;0
15;ChefGuichet_allégé;VOIR BORDEREAU BAGAGES(HISTORIQUE);0
15;ChefGuichet_allégé;VOIR CAISSE;0
15;ChefGuichet_allégé;VOIR CAISSE PRINCIPALE;0
15;ChefGuichet_allégé;VOIR ETATS;1
15;ChefGuichet_allégé;VOIR PROGRAMME;1
15;ChefGuichet_allégé;VOIR REIMPRESSION;0
15;ChefGuichet_allégé;PROGRAMME DE BUS;0
15;ChefGuichet_allégé;REPROGRAMMER AUTRE TICKET;0
15;ChefGuichet_allégé;REPROGRAMMER TICKET;1
15;ChefGuichet_allégé;REPROGRAMMER TICKET GUICHET;1
15;ChefGuichet_allégé;LISTES;1
15;ChefGuichet_allégé;DEPARTS;1
15;ChefGuichet_allégé;TARIFICATION;1
15;ChefGuichet_allégé;STATUT_HEURE_GARE;1
15;ChefGuichet_allégé;COMPTE;0
15;ChefGuichet_allégé;COMPTE ESCAL;0
15;ChefGuichet_allégé;COMPTEBAGAGE;0
15;ChefGuichet_allégé;AUTRES VENTE;1
15;ChefGuichet_allégé;BAGAGES AVEC TICKET NON FACTURER;0
15;ChefGuichet_allégé;BROUILLARD(EXERCICE) TICKET;0
15;ChefGuichet_allégé;BROUILLARD(EXERCICE)TICKET ESCAL;0
15;ChefGuichet_allégé;CONFIRMER AUTRE TICKET;0
15;ChefGuichet_allégé;CONFIRMER BON;1
15;ChefGuichet_allégé;CONFIRMER CARTE;1
15;ChefGuichet_allégé;CONFIRMER TICKET;1
15;ChefGuichet_allégé;CONFIRMER TICKET GUICHET;1
15;ChefGuichet_allégé;ETAT GLOBAL TICKET GUICHETIER;0
15;ChefGuichet_allégé;ETAT GLOBAL TICKET GUICHETIER ESCAL;0
15;ChefGuichet_allégé;EXERCICE MENSUEL TICKET GUICHETIER;0
15;ChefGuichet_allégé;EXERCICE MENSUEL TICKET GUICHETIER ESCAL;0
15;ChefGuichet_allégé;FACTURATION BAGAGES AVEC TICKET;0
15;ChefGuichet_allégé;MANIFEST TICKET;0
15;ChefGuichet_allégé;MANIFEST TICKET ESCAL;0
15;ChefGuichet_allégé;RECAP EX MENSUEL TICKET;0
15;ChefGuichet_allégé;RECAP GLOBAL TICKET;0
15;ChefGuichet_allégé;RECAP GLOBAL TICKET ESCAL;0
15;ChefGuichet_allégé;RECETTE GLOBALE TICKET;0
15;ChefGuichet_allégé;RECETTE GLOBALE TICKET PAR GARE;0
15;ChefGuichet_allégé;RECETTE PAR OPERATEUR TICKET;0
15;ChefGuichet_allégé;RESERVATION;1
15;ChefGuichet_allégé;TICKET;0
15;ChefGuichet_allégé;TICKET CONFIRMER;1
15;ChefGuichet_allégé;TICKET CONFIRMER DU JOUR;0
15;ChefGuichet_allégé;VALIDER RESERVATION;1
15;ChefGuichet_allégé;VENTE GUICHET;0
15;ChefGuichet_allégé;VENTE MOBILE;0
15;ChefGuichet_allégé;VENTE MOBILE ESCAL;0
15;ChefGuichet_allégé;VENTE TICKET;0
15;ChefGuichet_allégé;VERSEMENT TICKET GUICHETIER;0
15;ChefGuichet_allégé;AUTRES FACTURATION BAGAGES;0
15;ChefGuichet_allégé;BAGAGE;0
15;ChefGuichet_allégé;BAGAGE ESCAL;0
15;ChefGuichet_allégé;BAGAGES DECLARER;0
15;ChefGuichet_allégé;BAGAGES ESCAL DECLARER;0
15;ChefGuichet_allégé;BORDEREAU SUIVI BAGAGES;0
15;ChefGuichet_allégé;BROUILLARD(EXERCICE) BAGAGE;0
15;ChefGuichet_allégé;BROUILLARD(EXERCICE) BAGAGEESCAL;0
15;ChefGuichet_allégé;DECLARATION BAGAGES;0
15;ChefGuichet_allégé;DECLARATION BAGAGES ESCAL;0
15;ChefGuichet_allégé;ETAT GLOBAL BAGAGE OPERATEUR;0
15;ChefGuichet_allégé;ETAT GLOBAL BAGAGEESCAL OPERATEUR;0
15;ChefGuichet_allégé;EXERCICE MENSUEL BAGAGE OPERATEUR;0
15;ChefGuichet_allégé;EXERCICE MENSUEL BAGAGEESCAL OPERATEUR;0
15;ChefGuichet_allégé;FACTURATION BAGAGES ENVOI;0
15;ChefGuichet_allégé;MANIFEST BAGAGE;0
15;ChefGuichet_allégé;MANIFEST BAGAGEESCAL;0
15;ChefGuichet_allégé;MODIFICATION VERSEMENT BAGAGE;0
15;ChefGuichet_allégé;RECAP EX MENSUEL BAGAGE;0
15;ChefGuichet_allégé;RECAP EX MENSUEL BAGAGEESCAL;0
15;ChefGuichet_allégé;RECAP GLOBAL BAGAGE;0
15;ChefGuichet_allégé;RECAP GLOBAL BAGAGE ESCAL;0
15;ChefGuichet_allégé;VERSEMENT BAGAGES;0
15;ChefGuichet_allégé;ARCHIVER DONNEES COURRIER;0
15;ChefGuichet_allégé;BROUILLARD(EXERCICE) COURRIER;0
15;ChefGuichet_allégé;BROUILLARD(EXERCICE) COURRIERESCAL;0
15;ChefGuichet_allégé;COURRIERS DECLARER;0
15;ChefGuichet_allégé;COURRIERSESCAL DECLARER;0
15;ChefGuichet_allégé;DECLARATION;0
15;ChefGuichet_allégé;DECLARATION COURRIERS;0
15;ChefGuichet_allégé;DECLARATION COURRIERSESCAL;0
15;ChefGuichet_allégé;DECLARATION ESCAL;0
15;ChefGuichet_allégé;DECLARER;0
15;ChefGuichet_allégé;DECLARER ESCAL;0
15;ChefGuichet_allégé;ETAT GLOBAL COURRIER GUICHETIER;0
15;ChefGuichet_allégé;ETAT GLOBAL COURRIERESCAL GUICHETIER;0
15;ChefGuichet_allégé;ETAT PASSAGERS;0
15;ChefGuichet_allégé;EXERCICE LISTE COURRIER;0
15;ChefGuichet_allégé;EXERCICE LISTE COURRIERESCAL;0
15;ChefGuichet_allégé;EXERCICE LISTE PASSAGERS;0
15;ChefGuichet_allégé;EXERCICE LISTE PASSAGERS ESCAL;0
15;ChefGuichet_allégé;EXERCICE MENSUEL COURRIER GUICHETIER;0
15;ChefGuichet_allégé;EXERCICE MENSUEL COURRIERESCAL GUICHETIER;0
15;ChefGuichet_allégé;LISTE GLOBALE COURRIER;0
15;ChefGuichet_allégé;LISTE GLOBALE COURRIERESCAL;0
15;ChefGuichet_allégé;LISTE GLOBALE PASSAGERS;0
15;ChefGuichet_allégé;LISTE GLOBALE PASSAGERS ESCAL;0
15;ChefGuichet_allégé;MANIFEST COURRIER;0
15;ChefGuichet_allégé;MANIFEST COURRIERESCAL;0
15;ChefGuichet_allégé;MODIFICATION VERSEMENT COURRIER;0
15;ChefGuichet_allégé;RECAP DEPENSE COURRIER;0
15;ChefGuichet_allégé;RECAP DEPENSES COURRIER;0
15;ChefGuichet_allégé;RECAP EX MENSUEL COURRIER;0
15;ChefGuichet_allégé;RECAP EX MENSUEL COURRIERESCAL;0
15;ChefGuichet_allégé;RECAP EX MENSUEL ESCAL;0
15;ChefGuichet_allégé;RECAP GLOBAL COURRIER;0
15;ChefGuichet_allégé;RECAP GLOBAL COURRIERESCAL;0
15;ChefGuichet_allégé;TRI POUR ARCHIVER DES DONNEES;0
15;ChefGuichet_allégé;TRI VERSEMENTS POUR MODIFICATION;0
15;ChefGuichet_allégé;VERSEMENT COURRIER GUICHETIER;0
15;ChefGuichet_allégé;COURRIER ESCAL;0
15;ChefGuichet_allégé;VALIDER ARRIVER;0
15;ChefGuichet_allégé;VALIDER ARRIVER ESCAL;0
15;ChefGuichet_allégé;BON MILITAIRE;1
15;ChefGuichet_allégé;CARTE DE VOYAGE;1
15;ChefGuichet_allégé;FAIRE RECU;1
16;Consultation_caisse;RETOUR GARE;1
16;Consultation_caisse;RETOUR TICKET;0
16;Consultation_caisse;VOIR BORDEREAU BAGAGES(HISTORIQUE);0
16;Consultation_caisse;VOIR CAISSE;1
16;Consultation_caisse;VOIR CAISSE PRINCIPALE;0
16;Consultation_caisse;VOIR ETATS;0
16;Consultation_caisse;VOIR PROGRAMME;0
16;Consultation_caisse;VOIR REIMPRESSION;0
16;Consultation_caisse;PROGRAMME DE BUS;0
16;Consultation_caisse;REPROGRAMMER AUTRE TICKET;0
16;Consultation_caisse;REPROGRAMMER TICKET;0
16;Consultation_caisse;REPROGRAMMER TICKET GUICHET;0
16;Consultation_caisse;LISTES;0
16;Consultation_caisse;DEPARTS;0
16;Consultation_caisse;TARIFICATION;0
16;Consultation_caisse;STATUT_HEURE_GARE;0
16;Consultation_caisse;COMPTE;0
16;Consultation_caisse;COMPTE ESCAL;0
16;Consultation_caisse;COMPTEBAGAGE;0
16;Consultation_caisse;AUTRES VENTE;0
16;Consultation_caisse;BAGAGES AVEC TICKET NON FACTURER;0
16;Consultation_caisse;BROUILLARD(EXERCICE) TICKET;0
16;Consultation_caisse;BROUILLARD(EXERCICE)TICKET ESCAL;0
16;Consultation_caisse;CONFIRMER AUTRE TICKET;0
16;Consultation_caisse;CONFIRMER BON;0
16;Consultation_caisse;CONFIRMER CARTE;0
16;Consultation_caisse;CONFIRMER TICKET;0
16;Consultation_caisse;CONFIRMER TICKET GUICHET;0
16;Consultation_caisse;ETAT GLOBAL TICKET GUICHETIER;0
16;Consultation_caisse;ETAT GLOBAL TICKET GUICHETIER ESCAL;0
16;Consultation_caisse;EXERCICE MENSUEL TICKET GUICHETIER;0
16;Consultation_caisse;EXERCICE MENSUEL TICKET GUICHETIER ESCAL;0
16;Consultation_caisse;FACTURATION BAGAGES AVEC TICKET;0
16;Consultation_caisse;MANIFEST TICKET;0
16;Consultation_caisse;MANIFEST TICKET ESCAL;0
16;Consultation_caisse;RECAP EX MENSUEL TICKET;0
16;Consultation_caisse;RECAP GLOBAL TICKET;0
16;Consultation_caisse;RECAP GLOBAL TICKET ESCAL;0
16;Consultation_caisse;RECETTE GLOBALE TICKET;0
16;Consultation_caisse;RECETTE GLOBALE TICKET PAR GARE;0
16;Consultation_caisse;RECETTE PAR OPERATEUR TICKET;0
16;Consultation_caisse;RESERVATION;0
16;Consultation_caisse;TICKET;0
16;Consultation_caisse;TICKET CONFIRMER;0
16;Consultation_caisse;TICKET CONFIRMER DU JOUR;0
16;Consultation_caisse;VALIDER RESERVATION;0
16;Consultation_caisse;VENTE GUICHET;0
16;Consultation_caisse;VENTE MOBILE;0
16;Consultation_caisse;VENTE MOBILE ESCAL;0
16;Consultation_caisse;VENTE TICKET;0
16;Consultation_caisse;VERSEMENT TICKET GUICHETIER;0
16;Consultation_caisse;AUTRES FACTURATION BAGAGES;0
16;Consultation_caisse;BAGAGE;0
16;Consultation_caisse;BAGAGE ESCAL;0
16;Consultation_caisse;BAGAGES DECLARER;0
16;Consultation_caisse;BAGAGES ESCAL DECLARER;0
16;Consultation_caisse;BORDEREAU SUIVI BAGAGES;0
16;Consultation_caisse;BROUILLARD(EXERCICE) BAGAGE;0
16;Consultation_caisse;BROUILLARD(EXERCICE) BAGAGEESCAL;0
16;Consultation_caisse;DECLARATION BAGAGES;0
16;Consultation_caisse;DECLARATION BAGAGES ESCAL;0
16;Consultation_caisse;ETAT GLOBAL BAGAGE OPERATEUR;0
16;Consultation_caisse;ETAT GLOBAL BAGAGEESCAL OPERATEUR;0
16;Consultation_caisse;EXERCICE MENSUEL BAGAGE OPERATEUR;0
16;Consultation_caisse;EXERCICE MENSUEL BAGAGEESCAL OPERATEUR;0
16;Consultation_caisse;FACTURATION BAGAGES ENVOI;0
16;Consultation_caisse;MANIFEST BAGAGE;0
16;Consultation_caisse;MANIFEST BAGAGEESCAL;0
16;Consultation_caisse;MODIFICATION VERSEMENT BAGAGE;0
16;Consultation_caisse;RECAP EX MENSUEL BAGAGE;0
16;Consultation_caisse;RECAP EX MENSUEL BAGAGEESCAL;0
16;Consultation_caisse;RECAP GLOBAL BAGAGE;0
16;Consultation_caisse;RECAP GLOBAL BAGAGE ESCAL;0
16;Consultation_caisse;VERSEMENT BAGAGES;0
16;Consultation_caisse;ARCHIVER DONNEES COURRIER;0
16;Consultation_caisse;BROUILLARD(EXERCICE) COURRIER;0
16;Consultation_caisse;BROUILLARD(EXERCICE) COURRIERESCAL;0
16;Consultation_caisse;COURRIERS DECLARER;0
16;Consultation_caisse;COURRIERSESCAL DECLARER;0
16;Consultation_caisse;DECLARATION;0
16;Consultation_caisse;DECLARATION COURRIERS;0
16;Consultation_caisse;DECLARATION COURRIERSESCAL;0
16;Consultation_caisse;DECLARATION ESCAL;0
16;Consultation_caisse;DECLARER;0
16;Consultation_caisse;DECLARER ESCAL;0
16;Consultation_caisse;ETAT GLOBAL COURRIER GUICHETIER;0
16;Consultation_caisse;ETAT GLOBAL COURRIERESCAL GUICHETIER;0
16;Consultation_caisse;ETAT PASSAGERS;0
16;Consultation_caisse;EXERCICE LISTE COURRIER;0
16;Consultation_caisse;EXERCICE LISTE COURRIERESCAL;0
16;Consultation_caisse;EXERCICE LISTE PASSAGERS;0
16;Consultation_caisse;EXERCICE LISTE PASSAGERS ESCAL;0
16;Consultation_caisse;EXERCICE MENSUEL COURRIER GUICHETIER;0
16;Consultation_caisse;EXERCICE MENSUEL COURRIERESCAL GUICHETIER;0
16;Consultation_caisse;LISTE GLOBALE COURRIER;0
16;Consultation_caisse;LISTE GLOBALE COURRIERESCAL;0
16;Consultation_caisse;LISTE GLOBALE PASSAGERS;0
16;Consultation_caisse;LISTE GLOBALE PASSAGERS ESCAL;0
16;Consultation_caisse;MANIFEST COURRIER;0
16;Consultation_caisse;MANIFEST COURRIERESCAL;0
16;Consultation_caisse;MODIFICATION VERSEMENT COURRIER;0
16;Consultation_caisse;RECAP DEPENSE COURRIER;0
16;Consultation_caisse;RECAP DEPENSES COURRIER;0
16;Consultation_caisse;RECAP EX MENSUEL COURRIER;0
16;Consultation_caisse;RECAP EX MENSUEL COURRIERESCAL;0
16;Consultation_caisse;RECAP EX MENSUEL ESCAL;0
16;Consultation_caisse;RECAP GLOBAL COURRIER;0
16;Consultation_caisse;RECAP GLOBAL COURRIERESCAL;0
16;Consultation_caisse;TRI POUR ARCHIVER DES DONNEES;0
16;Consultation_caisse;TRI VERSEMENTS POUR MODIFICATION;0
16;Consultation_caisse;VERSEMENT COURRIER GUICHETIER;0
16;Consultation_caisse;COURRIER ESCAL;0
16;Consultation_caisse;VALIDER ARRIVER;0
16;Consultation_caisse;VALIDER ARRIVER ESCAL;0
16;Consultation_caisse;BON MILITAIRE;0
16;Consultation_caisse;CARTE DE VOYAGE;0
16;Consultation_caisse;FAIRE RECU;0
17;Operateur_escal;RETOUR GARE;1
17;Operateur_escal;RETOUR TICKET;0
17;Operateur_escal;VOIR BORDEREAU BAGAGES(HISTORIQUE);0
17;Operateur_escal;VOIR CAISSE;0
17;Operateur_escal;VOIR CAISSE PRINCIPALE;0
17;Operateur_escal;VOIR ETATS;0
17;Operateur_escal;VOIR PROGRAMME;0
17;Operateur_escal;VOIR REIMPRESSION;1
17;Operateur_escal;PROGRAMME DE BUS;0
17;Operateur_escal;REPROGRAMMER AUTRE TICKET;0
17;Operateur_escal;REPROGRAMMER TICKET;0
17;Operateur_escal;REPROGRAMMER TICKET GUICHET;0
17;Operateur_escal;LISTES;0
17;Operateur_escal;DEPARTS;0
17;Operateur_escal;TARIFICATION;0
17;Operateur_escal;STATUT_HEURE_GARE;0
17;Operateur_escal;COMPTE;0
17;Operateur_escal;COMPTE ESCAL;1
17;Operateur_escal;COMPTEBAGAGE;0
17;Operateur_escal;AUTRES VENTE;0
17;Operateur_escal;BAGAGES AVEC TICKET NON FACTURER;0
17;Operateur_escal;BROUILLARD(EXERCICE) TICKET;0
17;Operateur_escal;BROUILLARD(EXERCICE)TICKET ESCAL;0
17;Operateur_escal;CONFIRMER AUTRE TICKET;0
17;Operateur_escal;CONFIRMER BON;0
17;Operateur_escal;CONFIRMER CARTE;0
17;Operateur_escal;CONFIRMER TICKET;0
17;Operateur_escal;CONFIRMER TICKET GUICHET;0
17;Operateur_escal;ETAT GLOBAL TICKET GUICHETIER;0
17;Operateur_escal;ETAT GLOBAL TICKET GUICHETIER ESCAL;0
17;Operateur_escal;EXERCICE MENSUEL TICKET GUICHETIER;0
17;Operateur_escal;EXERCICE MENSUEL TICKET GUICHETIER ESCAL;0
17;Operateur_escal;FACTURATION BAGAGES AVEC TICKET;0
17;Operateur_escal;MANIFEST TICKET;0
17;Operateur_escal;MANIFEST TICKET ESCAL;0
17;Operateur_escal;RECAP EX MENSUEL TICKET;0
17;Operateur_escal;RECAP GLOBAL TICKET;0
17;Operateur_escal;RECAP GLOBAL TICKET ESCAL;0
17;Operateur_escal;RECETTE GLOBALE TICKET;0
17;Operateur_escal;RECETTE GLOBALE TICKET PAR GARE;0
17;Operateur_escal;RECETTE PAR OPERATEUR TICKET;0
17;Operateur_escal;RESERVATION;0
17;Operateur_escal;TICKET;0
17;Operateur_escal;TICKET CONFIRMER;0
17;Operateur_escal;TICKET CONFIRMER DU JOUR;0
17;Operateur_escal;VALIDER RESERVATION;0
17;Operateur_escal;VENTE GUICHET;0
17;Operateur_escal;VENTE MOBILE;0
17;Operateur_escal;VENTE MOBILE ESCAL;1
17;Operateur_escal;VENTE TICKET;0
17;Operateur_escal;VERSEMENT TICKET GUICHETIER;0
17;Operateur_escal;AUTRES FACTURATION BAGAGES;0
17;Operateur_escal;BAGAGE;0
17;Operateur_escal;BAGAGE ESCAL;1
17;Operateur_escal;BAGAGES DECLARER;0
17;Operateur_escal;BAGAGES ESCAL DECLARER;0
17;Operateur_escal;BORDEREAU SUIVI BAGAGES;0
17;Operateur_escal;BROUILLARD(EXERCICE) BAGAGE;0
17;Operateur_escal;BROUILLARD(EXERCICE) BAGAGEESCAL;0
17;Operateur_escal;DECLARATION BAGAGES;0
17;Operateur_escal;DECLARATION BAGAGES ESCAL;0
17;Operateur_escal;ETAT GLOBAL BAGAGE OPERATEUR;0
17;Operateur_escal;ETAT GLOBAL BAGAGEESCAL OPERATEUR;0
17;Operateur_escal;EXERCICE MENSUEL BAGAGE OPERATEUR;0
17;Operateur_escal;EXERCICE MENSUEL BAGAGEESCAL OPERATEUR;0
17;Operateur_escal;FACTURATION BAGAGES ENVOI;0
17;Operateur_escal;MANIFEST BAGAGE;0
17;Operateur_escal;MANIFEST BAGAGEESCAL;0
17;Operateur_escal;MODIFICATION VERSEMENT BAGAGE;0
17;Operateur_escal;RECAP EX MENSUEL BAGAGE;0
17;Operateur_escal;RECAP EX MENSUEL BAGAGEESCAL;0
17;Operateur_escal;RECAP GLOBAL BAGAGE;0
17;Operateur_escal;RECAP GLOBAL BAGAGE ESCAL;0
17;Operateur_escal;VERSEMENT BAGAGES;0
17;Operateur_escal;ARCHIVER DONNEES COURRIER;0
17;Operateur_escal;BROUILLARD(EXERCICE) COURRIER;0
17;Operateur_escal;BROUILLARD(EXERCICE) COURRIERESCAL;0
17;Operateur_escal;COURRIERS DECLARER;0
17;Operateur_escal;COURRIERSESCAL DECLARER;0
17;Operateur_escal;DECLARATION;0
17;Operateur_escal;DECLARATION COURRIERS;0
17;Operateur_escal;DECLARATION COURRIERSESCAL;0
17;Operateur_escal;DECLARATION ESCAL;0
17;Operateur_escal;DECLARER;0
17;Operateur_escal;DECLARER ESCAL;0
17;Operateur_escal;ETAT GLOBAL COURRIER GUICHETIER;0
17;Operateur_escal;ETAT GLOBAL COURRIERESCAL GUICHETIER;0
17;Operateur_escal;ETAT PASSAGERS;0
17;Operateur_escal;EXERCICE LISTE COURRIER;0
17;Operateur_escal;EXERCICE LISTE COURRIERESCAL;0
17;Operateur_escal;EXERCICE LISTE PASSAGERS;0
17;Operateur_escal;EXERCICE LISTE PASSAGERS ESCAL;0
17;Operateur_escal;EXERCICE MENSUEL COURRIER GUICHETIER;0
17;Operateur_escal;EXERCICE MENSUEL COURRIERESCAL GUICHETIER;0
17;Operateur_escal;LISTE GLOBALE COURRIER;0
17;Operateur_escal;LISTE GLOBALE COURRIERESCAL;0
17;Operateur_escal;LISTE GLOBALE PASSAGERS;0
17;Operateur_escal;LISTE GLOBALE PASSAGERS ESCAL;0
17;Operateur_escal;MANIFEST COURRIER;0
17;Operateur_escal;MANIFEST COURRIERESCAL;0
17;Operateur_escal;MODIFICATION VERSEMENT COURRIER;0
17;Operateur_escal;RECAP DEPENSE COURRIER;0
17;Operateur_escal;RECAP DEPENSES COURRIER;0
17;Operateur_escal;RECAP EX MENSUEL COURRIER;0
17;Operateur_escal;RECAP EX MENSUEL COURRIERESCAL;0
17;Operateur_escal;RECAP EX MENSUEL ESCAL;0
17;Operateur_escal;RECAP GLOBAL COURRIER;0
17;Operateur_escal;RECAP GLOBAL COURRIERESCAL;0
17;Operateur_escal;TRI POUR ARCHIVER DES DONNEES;0
17;Operateur_escal;TRI VERSEMENTS POUR MODIFICATION;0
17;Operateur_escal;VERSEMENT COURRIER GUICHETIER;0
17;Operateur_escal;COURRIER ESCAL;1
17;Operateur_escal;VALIDER ARRIVER;1
17;Operateur_escal;VALIDER ARRIVER ESCAL;0
17;Operateur_escal;BON MILITAIRE;0
17;Operateur_escal;CARTE DE VOYAGE;0
17;Operateur_escal;FAIRE RECU;0
18;Adjoint_caisse;RETOUR GARE;1
18;Adjoint_caisse;RETOUR TICKET;0
18;Adjoint_caisse;VOIR BORDEREAU BAGAGES(HISTORIQUE);0
18;Adjoint_caisse;VOIR CAISSE;1
18;Adjoint_caisse;VOIR CAISSE PRINCIPALE;0
18;Adjoint_caisse;VOIR ETATS;1
18;Adjoint_caisse;VOIR PROGRAMME;0
18;Adjoint_caisse;VOIR REIMPRESSION;0
18;Adjoint_caisse;PROGRAMME DE BUS;0
18;Adjoint_caisse;REPROGRAMMER AUTRE TICKET;0
18;Adjoint_caisse;REPROGRAMMER TICKET;0
18;Adjoint_caisse;REPROGRAMMER TICKET GUICHET;0
18;Adjoint_caisse;LISTES;0
18;Adjoint_caisse;DEPARTS;0
18;Adjoint_caisse;TARIFICATION;0
18;Adjoint_caisse;STATUT_HEURE_GARE;0
18;Adjoint_caisse;COMPTE;0
18;Adjoint_caisse;COMPTE ESCAL;0
18;Adjoint_caisse;COMPTEBAGAGE;0
18;Adjoint_caisse;AUTRES VENTE;1
18;Adjoint_caisse;BAGAGES AVEC TICKET NON FACTURER;0
18;Adjoint_caisse;BROUILLARD(EXERCICE) TICKET;0
18;Adjoint_caisse;BROUILLARD(EXERCICE)TICKET ESCAL;0
18;Adjoint_caisse;CONFIRMER AUTRE TICKET;0
18;Adjoint_caisse;CONFIRMER BON;0
18;Adjoint_caisse;CONFIRMER CARTE;0
18;Adjoint_caisse;CONFIRMER TICKET;0
18;Adjoint_caisse;CONFIRMER TICKET GUICHET;0
18;Adjoint_caisse;ETAT GLOBAL TICKET GUICHETIER;0
18;Adjoint_caisse;ETAT GLOBAL TICKET GUICHETIER ESCAL;0
18;Adjoint_caisse;EXERCICE MENSUEL TICKET GUICHETIER;0
18;Adjoint_caisse;EXERCICE MENSUEL TICKET GUICHETIER ESCAL;0
18;Adjoint_caisse;FACTURATION BAGAGES AVEC TICKET;0
18;Adjoint_caisse;MANIFEST TICKET;0
18;Adjoint_caisse;MANIFEST TICKET ESCAL;0
18;Adjoint_caisse;RECAP EX MENSUEL TICKET;0
18;Adjoint_caisse;RECAP GLOBAL TICKET;0
18;Adjoint_caisse;RECAP GLOBAL TICKET ESCAL;0
18;Adjoint_caisse;RECETTE GLOBALE TICKET;0
18;Adjoint_caisse;RECETTE GLOBALE TICKET PAR GARE;0
18;Adjoint_caisse;RECETTE PAR OPERATEUR TICKET;0
18;Adjoint_caisse;RESERVATION;0
18;Adjoint_caisse;TICKET;0
18;Adjoint_caisse;TICKET CONFIRMER;0
18;Adjoint_caisse;TICKET CONFIRMER DU JOUR;0
18;Adjoint_caisse;VALIDER RESERVATION;0
18;Adjoint_caisse;VENTE GUICHET;0
18;Adjoint_caisse;VENTE MOBILE;0
18;Adjoint_caisse;VENTE MOBILE ESCAL;0
18;Adjoint_caisse;VENTE TICKET;0
18;Adjoint_caisse;VERSEMENT TICKET GUICHETIER;0
18;Adjoint_caisse;AUTRES FACTURATION BAGAGES;0
18;Adjoint_caisse;BAGAGE;0
18;Adjoint_caisse;BAGAGE ESCAL;0
18;Adjoint_caisse;BAGAGES DECLARER;0
18;Adjoint_caisse;BAGAGES ESCAL DECLARER;0
18;Adjoint_caisse;BORDEREAU SUIVI BAGAGES;0
18;Adjoint_caisse;BROUILLARD(EXERCICE) BAGAGE;0
18;Adjoint_caisse;BROUILLARD(EXERCICE) BAGAGEESCAL;0
18;Adjoint_caisse;DECLARATION BAGAGES;0
18;Adjoint_caisse;DECLARATION BAGAGES ESCAL;0
18;Adjoint_caisse;ETAT GLOBAL BAGAGE OPERATEUR;0
18;Adjoint_caisse;ETAT GLOBAL BAGAGEESCAL OPERATEUR;0
18;Adjoint_caisse;EXERCICE MENSUEL BAGAGE OPERATEUR;0
18;Adjoint_caisse;EXERCICE MENSUEL BAGAGEESCAL OPERATEUR;0
18;Adjoint_caisse;FACTURATION BAGAGES ENVOI;0
18;Adjoint_caisse;MANIFEST BAGAGE;0
18;Adjoint_caisse;MANIFEST BAGAGEESCAL;0
18;Adjoint_caisse;MODIFICATION VERSEMENT BAGAGE;0
18;Adjoint_caisse;RECAP EX MENSUEL BAGAGE;0
18;Adjoint_caisse;RECAP EX MENSUEL BAGAGEESCAL;0
18;Adjoint_caisse;RECAP GLOBAL BAGAGE;0
18;Adjoint_caisse;RECAP GLOBAL BAGAGE ESCAL;0
18;Adjoint_caisse;VERSEMENT BAGAGES;0
18;Adjoint_caisse;ARCHIVER DONNEES COURRIER;0
18;Adjoint_caisse;BROUILLARD(EXERCICE) COURRIER;0
18;Adjoint_caisse;BROUILLARD(EXERCICE) COURRIERESCAL;0
18;Adjoint_caisse;COURRIERS DECLARER;0
18;Adjoint_caisse;COURRIERSESCAL DECLARER;0
18;Adjoint_caisse;DECLARATION;0
18;Adjoint_caisse;DECLARATION COURRIERS;0
18;Adjoint_caisse;DECLARATION COURRIERSESCAL;0
18;Adjoint_caisse;DECLARATION ESCAL;0
18;Adjoint_caisse;DECLARER;0
18;Adjoint_caisse;DECLARER ESCAL;0
18;Adjoint_caisse;ETAT GLOBAL COURRIER GUICHETIER;0
18;Adjoint_caisse;ETAT GLOBAL COURRIERESCAL GUICHETIER;0
18;Adjoint_caisse;ETAT PASSAGERS;0
18;Adjoint_caisse;EXERCICE LISTE COURRIER;0
18;Adjoint_caisse;EXERCICE LISTE COURRIERESCAL;0
18;Adjoint_caisse;EXERCICE LISTE PASSAGERS;0
18;Adjoint_caisse;EXERCICE LISTE PASSAGERS ESCAL;0
18;Adjoint_caisse;EXERCICE MENSUEL COURRIER GUICHETIER;0
18;Adjoint_caisse;EXERCICE MENSUEL COURRIERESCAL GUICHETIER;0
18;Adjoint_caisse;LISTE GLOBALE COURRIER;0
18;Adjoint_caisse;LISTE GLOBALE COURRIERESCAL;0
18;Adjoint_caisse;LISTE GLOBALE PASSAGERS;0
18;Adjoint_caisse;LISTE GLOBALE PASSAGERS ESCAL;0
18;Adjoint_caisse;MANIFEST COURRIER;0
18;Adjoint_caisse;MANIFEST COURRIERESCAL;0
18;Adjoint_caisse;MODIFICATION VERSEMENT COURRIER;0
18;Adjoint_caisse;RECAP DEPENSE COURRIER;0
18;Adjoint_caisse;RECAP DEPENSES COURRIER;0
18;Adjoint_caisse;RECAP EX MENSUEL COURRIER;0
18;Adjoint_caisse;RECAP EX MENSUEL COURRIERESCAL;0
18;Adjoint_caisse;RECAP EX MENSUEL ESCAL;0
18;Adjoint_caisse;RECAP GLOBAL COURRIER;0
18;Adjoint_caisse;RECAP GLOBAL COURRIERESCAL;0
18;Adjoint_caisse;TRI POUR ARCHIVER DES DONNEES;0
18;Adjoint_caisse;TRI VERSEMENTS POUR MODIFICATION;0
18;Adjoint_caisse;VERSEMENT COURRIER GUICHETIER;0
18;Adjoint_caisse;COURRIER ESCAL;0
18;Adjoint_caisse;VALIDER ARRIVER;0
18;Adjoint_caisse;VALIDER ARRIVER ESCAL;0
18;Adjoint_caisse;BON MILITAIRE;0
18;Adjoint_caisse;CARTE DE VOYAGE;0
18;Adjoint_caisse;FAIRE RECU;0
